event_id,scenario_id,timestamp,feeder_id,src_device,dst_device,protocol,message_type,direction,sequence,point_id,value,unit,quality,delivery_status,latency_ms,injected,replay_of_event_id,original_value,reported_value,command_id,result,label,attack_id,mitre_technique
reconnaissance_ieee123-atk001,reconnaissance_ieee123,2010-07-01T00:00:00,ieee123,SCADA_MASTER,RTU_ieee123,DNP3,QUERY,SCADA_TO_RTU,1,,,,GOOD,DELIVERED,0,1,,,,SCAN-ieee123-POINTS,SCAN,ATTACK,reconnaissance,T0846
reconnaissance_ieee123-atk010,reconnaissance_ieee123,2010-07-01T00:00:00,ieee123,RTU_ieee123,SCADA_MASTER,DNP3,REPORT,RTU_TO_SCADA,10,BUS_105_VPU_BC,0.9326108260723273,pu,GOOD,DELIVERED,0,0,,,,,DISCOVERED,ATTACK,reconnaissance,T0846
reconnaissance_ieee123-atk100,reconnaissance_ieee123,2010-07-01T00:00:00,ieee123,RTU_ieee123,SCADA_MASTER,DNP3,REPORT,RTU_TO_SCADA,100,BUS_51_VPU_BC,0.955934260817821,pu,GOOD,DELIVERED,0,0,,,,,DISCOVERED,ATTACK,reconnaissance,T0846
reconnaissance_ieee123-atk101,reconnaissance_ieee123,2010-07-01T00:00:00,ieee123,RTU_ieee123,SCADA_MASTER,DNP3,REPORT,RTU_TO_SCADA,101,BUS_51_VPU_CA,0.9287937773868352,pu,GOOD,DELIVERED,0,0,,,,,DISCOVERED,ATTACK,reconnaissance,T0846
reconnaissance_ieee123-atk102,reconnaissance_ieee123,2010-07-01T00:00:00,ieee123,RTU_ieee123,SCADA_MASTER,DNP3,REPORT,RTU_TO_SCADA,102,BUS_52_VPU_AB,0.8981653861174068,pu,GOOD,DELIVERED,0,0,,,,,DISCOVERED,ATTACK,reconnaissance,T0846
reconnaissance_ieee123-atk103,reconnaissance_ieee123,2010-07-01T00:00:00,ieee123,RTU_ieee123,SCADA_MASTER,DNP3,REPORT,RTU_TO_SCADA,103,BUS_52_VPU_BC,0.9546832676719086,pu,GOOD,DELIVERED,0,0,,,,,DISCOVERED,ATTACK,reconnaissance,T0846
reconnaissance_ieee123-atk104,reconnaissance_ieee123,2010-07-01T00:00:00,ieee123,RTU_ieee123,SCADA_MASTER,DNP3,REPORT,RTU_TO_SCADA,104,BUS_52_VPU_CA,0.9275758931047177,pu,GOOD,DELIVERED,0,0,,,,,DISCOVERED,ATTACK,reconnaissance,T0846
reconnaissance_ieee123-atk105,reconnaissance_ieee123,2010-07-01T00:00:00,ieee123,RTU_ieee123,SCADA_MASTER,DNP3,REPORT,RTU_TO_SCADA,105,BUS_53_VPU_AB,0.8945600846190574,pu,GOOD,DELIVERED,0,0,,,,,DISCOVERED,ATTACK,reconnaissance,T0846
reconnaissance_ieee123-atk106,reconnaissance_ieee123,2010-07-01T00:00:00,ieee123,RTU_ieee123,SCADA_MASTER,DNP3,REPORT,RTU_TO_SCADA,106,BUS_53_VPU_BC,0.9524403307555993,pu,GOOD,DELIVERED,0,0,,,,,DISCOVERED,ATTACK,reconnaissance,T0846
reconnaissance_ieee123-atk107,reconnaissance_ieee123,2010-07-01T00:00:00,ieee123,RTU_ieee123,SCADA_MASTER,DNP3,REPORT,RTU_TO_SCADA,107,BUS_53_VPU_CA,0.9246818376514617,pu,GOOD,DELIVERED,0,0,,,,,DISCOVERED,ATTACK,reconnaissance,T0846
reconnaissance_ieee123-atk108,reconnaissance_ieee123,2010-07-01T00:00:00,ieee123,RTU_ieee123,SCADA_MASTER,DNP3,REPORT,RTU_TO_SCADA,108,BUS_54_VPU_AB,0.8924069974206441,pu,GOOD,DELIVERED,0,0,,,,,DISCOVERED,ATTACK,reconnaissance,T0846
reconnaissance_ieee123-atk109,reconnaissance_ieee123,2010-07-01T00:00:00,ieee123,RTU_ieee123,SCADA_MASTER,DNP3,REPORT,RTU_TO_SCADA,109,BUS_54_VPU_BC,0.9510281999947274,pu,GOOD,DELIVERED,0,0,,,,,DISCOVERED,ATTACK,reconnaissance,T0846
reconnaissance_ieee123-atk011,reconnaissance_ieee123,2010-07-01T00:00:00,ieee123,RTU_ieee123,SCADA_MASTER,DNP3,REPORT,RTU_TO_SCADA,11,BUS_105_VPU_CA,0.9060641124874339,pu,GOOD,DELIVERED,0,0,,,,,DISCOVERED,ATTACK,reconnaissance,T0846
reconnaissance_ieee123-atk110,reconnaissance_ieee123,2010-07-01T00:00:00,ieee123,RTU_ieee123,SCADA_MASTER,DNP3,REPORT,RTU_TO_SCADA,110,BUS_54_VPU_CA,0.9229224447592098,pu,GOOD,DELIVERED,0,0,,,,,DISCOVERED,ATTACK,reconnaissance,T0846
reconnaissance_ieee123-atk111,reconnaissance_ieee123,2010-07-01T00:00:00,ieee123,RTU_ieee123,SCADA_MASTER,DNP3,REPORT,RTU_TO_SCADA,111,BUS_55_VPU_AB,0.8920957952398186,pu,GOOD,DELIVERED,0,0,,,,,DISCOVERED,ATTACK,reconnaissance,T0846
reconnaissance_ieee123-atk112,reconnaissance_ieee123,2010-07-01T00:00:00,ieee123,RTU_ieee123,SCADA_MASTER,DNP3,REPORT,RTU_TO_SCADA,112,BUS_55_VPU_BC,0.950296830264273,pu,GOOD,DELIVERED,0,0,,,,,DISCOVERED,ATTACK,reconnaissance,T0846
reconnaissance_ieee123-atk113,reconnaissance_ieee123,2010-07-01T00:00:00,ieee123,RTU_ieee123,SCADA_MASTER,DNP3,REPORT,RTU_TO_SCADA,113,BUS_55_VPU_CA,0.9228421696531689,pu,GOOD,DELIVERED,0,0,,,,,DISCOVERED,ATTACK,reconnaissance,T0846
reconnaissance_ieee123-atk114,reconnaissance_ieee123,2010-07-01T00:00:00,ieee123,RTU_ieee123,SCADA_MASTER,DNP3,REPORT,RTU_TO_SCADA,114,BUS_56_VPU_AB,0.8917946037832927,pu,GOOD,DELIVERED,0,0,,,,,DISCOVERED,ATTACK,reconnaissance,T0846
reconnaissance_ieee123-atk115,reconnaissance_ieee123,2010-07-01T00:00:00,ieee123,RTU_ieee123,SCADA_MASTER,DNP3,REPORT,RTU_TO_SCADA,115,BUS_56_VPU_BC,0.9495639853922273,pu,GOOD,DELIVERED,0,0,,,,,DISCOVERED,ATTACK,reconnaissance,T0846
reconnaissance_ieee123-atk116,reconnaissance_ieee123,2010-07-01T00:00:00,ieee123,RTU_ieee123,SCADA_MASTER,DNP3,REPORT,RTU_TO_SCADA,116,BUS_56_VPU_CA,0.9227659099081356,pu,GOOD,DELIVERED,0,0,,,,,DISCOVERED,ATTACK,reconnaissance,T0846
reconnaissance_ieee123-atk117,reconnaissance_ieee123,2010-07-01T00:00:00,ieee123,RTU_ieee123,SCADA_MASTER,DNP3,REPORT,RTU_TO_SCADA,117,BUS_57_VPU_AB,0.8862193440926436,pu,GOOD,DELIVERED,0,0,,,,,DISCOVERED,ATTACK,reconnaissance,T0846
reconnaissance_ieee123-atk118,reconnaissance_ieee123,2010-07-01T00:00:00,ieee123,RTU_ieee123,SCADA_MASTER,DNP3,REPORT,RTU_TO_SCADA,118,BUS_57_VPU_BC,0.9470246897494387,pu,GOOD,DELIVERED,0,0,,,,,DISCOVERED,ATTACK,reconnaissance,T0846
reconnaissance_ieee123-atk119,reconnaissance_ieee123,2010-07-01T00:00:00,ieee123,RTU_ieee123,SCADA_MASTER,DNP3,REPORT,RTU_TO_SCADA,119,BUS_57_VPU_CA,0.9192440331816141,pu,GOOD,DELIVERED,0,0,,,,,DISCOVERED,ATTACK,reconnaissance,T0846
reconnaissance_ieee123-atk012,reconnaissance_ieee123,2010-07-01T00:00:00,ieee123,RTU_ieee123,SCADA_MASTER,DNP3,REPORT,RTU_TO_SCADA,12,BUS_108_VPU_AB,0.8628112896754987,pu,GOOD,DELIVERED,0,0,,,,,DISCOVERED,ATTACK,reconnaissance,T0846
reconnaissance_ieee123-atk120,reconnaissance_ieee123,2010-07-01T00:00:00,ieee123,RTU_ieee123,SCADA_MASTER,DNP3,REPORT,RTU_TO_SCADA,120,BUS_60_VPU_AB,0.8733773569038336,pu,GOOD,DELIVERED,0,0,,,,,DISCOVERED,ATTACK,reconnaissance,T0846
reconnaissance_ieee123-atk121,reconnaissance_ieee123,2010-07-01T00:00:00,ieee123,RTU_ieee123,SCADA_MASTER,DNP3,REPORT,RTU_TO_SCADA,121,BUS_60_VPU_BC,0.9393314275695636,pu,GOOD,DELIVERED,0,0,,,,,DISCOVERED,ATTACK,reconnaissance,T0846
reconnaissance_ieee123-atk122,reconnaissance_ieee123,2010-07-01T00:00:00,ieee123,RTU_ieee123,SCADA_MASTER,DNP3,REPORT,RTU_TO_SCADA,122,BUS_60_VPU_CA,0.9113833381744758,pu,GOOD,DELIVERED,0,0,,,,,DISCOVERED,ATTACK,reconnaissance,T0846
reconnaissance_ieee123-atk123,reconnaissance_ieee123,2010-07-01T00:00:00,ieee123,RTU_ieee123,SCADA_MASTER,DNP3,REPORT,RTU_TO_SCADA,123,BUS_61_VPU_AB,0.8733773746449193,pu,GOOD,DELIVERED,0,0,,,,,DISCOVERED,ATTACK,reconnaissance,T0846
reconnaissance_ieee123-atk124,reconnaissance_ieee123,2010-07-01T00:00:00,ieee123,RTU_ieee123,SCADA_MASTER,DNP3,REPORT,RTU_TO_SCADA,124,BUS_61_VPU_BC,0.9393314509535737,pu,GOOD,DELIVERED,0,0,,,,,DISCOVERED,ATTACK,reconnaissance,T0846
reconnaissance_ieee123-atk125,reconnaissance_ieee123,2010-07-01T00:00:00,ieee123,RTU_ieee123,SCADA_MASTER,DNP3,REPORT,RTU_TO_SCADA,125,BUS_61_VPU_CA,0.9113833591761502,pu,GOOD,DELIVERED,0,0,,,,,DISCOVERED,ATTACK,reconnaissance,T0846
reconnaissance_ieee123-atk126,reconnaissance_ieee123,2010-07-01T00:00:00,ieee123,RTU_ieee123,SCADA_MASTER,DNP3,REPORT,RTU_TO_SCADA,126,BUS_62_VPU_AB,0.8718852670673547,pu,GOOD,DELIVERED,0,0,,,,,DISCOVERED,ATTACK,reconnaissance,T0846
reconnaissance_ieee123-atk127,reconnaissance_ieee123,2010-07-01T00:00:00,ieee123,RTU_ieee123,SCADA_MASTER,DNP3,REPORT,RTU_TO_SCADA,127,BUS_62_VPU_BC,0.9388823450826127,pu,GOOD,DELIVERED,0,0,,,,,DISCOVERED,ATTACK,reconnaissance,T0846
reconnaissance_ieee123-atk128,reconnaissance_ieee123,2010-07-01T00:00:00,ieee123,RTU_ieee123,SCADA_MASTER,DNP3,REPORT,RTU_TO_SCADA,128,BUS_62_VPU_CA,0.9096608923045548,pu,GOOD,DELIVERED,0,0,,,,,DISCOVERED,ATTACK,reconnaissance,T0846
reconnaissance_ieee123-atk129,reconnaissance_ieee123,2010-07-01T00:00:00,ieee123,RTU_ieee123,SCADA_MASTER,DNP3,REPORT,RTU_TO_SCADA,129,BUS_63_VPU_AB,0.8708429951181546,pu,GOOD,DELIVERED,0,0,,,,,DISCOVERED,ATTACK,reconnaissance,T0846
reconnaissance_ieee123-atk013,reconnaissance_ieee123,2010-07-01T00:00:00,ieee123,RTU_ieee123,SCADA_MASTER,DNP3,REPORT,RTU_TO_SCADA,13,BUS_108_VPU_BC,0.9325455439786242,pu,GOOD,DELIVERED,0,0,,,,,DISCOVERED,ATTACK,reconnaissance,T0846
reconnaissance_ieee123-atk130,reconnaissance_ieee123,2010-07-01T00:00:00,ieee123,RTU_ieee123,SCADA_MASTER,DNP3,REPORT,RTU_TO_SCADA,130,BUS_63_VPU_BC,0.9386047911960287,pu,GOOD,DELIVERED,0,0,,,,,DISCOVERED,ATTACK,reconnaissance,T0846
reconnaissance_ieee123-atk131,reconnaissance_ieee123,2010-07-01T00:00:00,ieee123,RTU_ieee123,SCADA_MASTER,DNP3,REPORT,RTU_TO_SCADA,131,BUS_63_VPU_CA,0.9084962964973715,pu,GOOD,DELIVERED,0,0,,,,,DISCOVERED,ATTACK,reconnaissance,T0846
reconnaissance_ieee123-atk132,reconnaissance_ieee123,2010-07-01T00:00:00,ieee123,RTU_ieee123,SCADA_MASTER,DNP3,REPORT,RTU_TO_SCADA,132,BUS_64_VPU_AB,0.8703398775162581,pu,GOOD,DELIVERED,0,0,,,,,DISCOVERED,ATTACK,reconnaissance,T0846
reconnaissance_ieee123-atk133,reconnaissance_ieee123,2010-07-01T00:00:00,ieee123,RTU_ieee123,SCADA_MASTER,DNP3,REPORT,RTU_TO_SCADA,133,BUS_64_VPU_BC,0.9379819120638566,pu,GOOD,DELIVERED,0,0,,,,,DISCOVERED,ATTACK,reconnaissance,T0846
reconnaissance_ieee123-atk134,reconnaissance_ieee123,2010-07-01T00:00:00,ieee123,RTU_ieee123,SCADA_MASTER,DNP3,REPORT,RTU_TO_SCADA,134,BUS_64_VPU_CA,0.9079392640984876,pu,GOOD,DELIVERED,0,0,,,,,DISCOVERED,ATTACK,reconnaissance,T0846
reconnaissance_ieee123-atk135,reconnaissance_ieee123,2010-07-01T00:00:00,ieee123,RTU_ieee123,SCADA_MASTER,DNP3,REPORT,RTU_TO_SCADA,135,BUS_65_VPU_AB,0.8699907809847712,pu,GOOD,DELIVERED,0,0,,,,,DISCOVERED,ATTACK,reconnaissance,T0846
reconnaissance_ieee123-atk136,reconnaissance_ieee123,2010-07-01T00:00:00,ieee123,RTU_ieee123,SCADA_MASTER,DNP3,REPORT,RTU_TO_SCADA,136,BUS_65_VPU_BC,0.9374834396635682,pu,GOOD,DELIVERED,0,0,,,,,DISCOVERED,ATTACK,reconnaissance,T0846
reconnaissance_ieee123-atk137,reconnaissance_ieee123,2010-07-01T00:00:00,ieee123,RTU_ieee123,SCADA_MASTER,DNP3,REPORT,RTU_TO_SCADA,137,BUS_65_VPU_CA,0.9072628646092933,pu,GOOD,DELIVERED,0,0,,,,,DISCOVERED,ATTACK,reconnaissance,T0846
reconnaissance_ieee123-atk138,reconnaissance_ieee123,2010-07-01T00:00:00,ieee123,RTU_ieee123,SCADA_MASTER,DNP3,REPORT,RTU_TO_SCADA,138,BUS_66_VPU_AB,0.8699867269921893,pu,GOOD,DELIVERED,0,0,,,,,DISCOVERED,ATTACK,reconnaissance,T0846
reconnaissance_ieee123-atk139,reconnaissance_ieee123,2010-07-01T00:00:00,ieee123,RTU_ieee123,SCADA_MASTER,DNP3,REPORT,RTU_TO_SCADA,139,BUS_66_VPU_BC,0.9374002162261371,pu,GOOD,DELIVERED,0,0,,,,,DISCOVERED,ATTACK,reconnaissance,T0846
reconnaissance_ieee123-atk014,reconnaissance_ieee123,2010-07-01T00:00:00,ieee123,RTU_ieee123,SCADA_MASTER,DNP3,REPORT,RTU_TO_SCADA,14,BUS_108_VPU_CA,0.9054467835464075,pu,GOOD,DELIVERED,0,0,,,,,DISCOVERED,ATTACK,reconnaissance,T0846
reconnaissance_ieee123-atk140,reconnaissance_ieee123,2010-07-01T00:00:00,ieee123,RTU_ieee123,SCADA_MASTER,DNP3,REPORT,RTU_TO_SCADA,140,BUS_66_VPU_CA,0.907167833044623,pu,GOOD,DELIVERED,0,0,,,,,DISCOVERED,ATTACK,reconnaissance,T0846
reconnaissance_ieee123-atk141,reconnaissance_ieee123,2010-07-01T00:00:00,ieee123,RTU_ieee123,SCADA_MASTER,DNP3,REPORT,RTU_TO_SCADA,141,BUS_67_VPU_AB,0.8696195064931337,pu,GOOD,DELIVERED,0,0,,,,,DISCOVERED,ATTACK,reconnaissance,T0846
reconnaissance_ieee123-atk142,reconnaissance_ieee123,2010-07-01T00:00:00,ieee123,RTU_ieee123,SCADA_MASTER,DNP3,REPORT,RTU_TO_SCADA,142,BUS_67_VPU_BC,0.9357123988094543,pu,GOOD,DELIVERED,0,0,,,,,DISCOVERED,ATTACK,reconnaissance,T0846
reconnaissance_ieee123-atk143,reconnaissance_ieee123,2010-07-01T00:00:00,ieee123,RTU_ieee123,SCADA_MASTER,DNP3,REPORT,RTU_TO_SCADA,143,BUS_67_VPU_CA,0.9083544529011586,pu,GOOD,DELIVERED,0,0,,,,,DISCOVERED,ATTACK,reconnaissance,T0846
reconnaissance_ieee123-atk144,reconnaissance_ieee123,2010-07-01T00:00:00,ieee123,RTU_ieee123,SCADA_MASTER,DNP3,REPORT,RTU_TO_SCADA,144,BUS_72_VPU_AB,0.8694385763848507,pu,GOOD,DELIVERED,0,0,,,,,DISCOVERED,ATTACK,reconnaissance,T0846
reconnaissance_ieee123-atk145,reconnaissance_ieee123,2010-07-01T00:00:00,ieee123,RTU_ieee123,SCADA_MASTER,DNP3,REPORT,RTU_TO_SCADA,145,BUS_72_VPU_BC,0.9346731736792735,pu,GOOD,DELIVERED,0,0,,,,,DISCOVERED,ATTACK,reconnaissance,T0846
reconnaissance_ieee123-atk146,reconnaissance_ieee123,2010-07-01T00:00:00,ieee123,RTU_ieee123,SCADA_MASTER,DNP3,REPORT,RTU_TO_SCADA,146,BUS_72_VPU_CA,0.9081693484175045,pu,GOOD,DELIVERED,0,0,,,,,DISCOVERED,ATTACK,reconnaissance,T0846
reconnaissance_ieee123-atk147,reconnaissance_ieee123,2010-07-01T00:00:00,ieee123,RTU_ieee123,SCADA_MASTER,DNP3,REPORT,RTU_TO_SCADA,147,BUS_76_VPU_AB,0.869340093337744,pu,GOOD,DELIVERED,0,0,,,,,DISCOVERED,ATTACK,reconnaissance,T0846
reconnaissance_ieee123-atk148,reconnaissance_ieee123,2010-07-01T00:00:00,ieee123,RTU_ieee123,SCADA_MASTER,DNP3,REPORT,RTU_TO_SCADA,148,BUS_76_VPU_BC,0.9340259532037818,pu,GOOD,DELIVERED,0,0,,,,,DISCOVERED,ATTACK,reconnaissance,T0846
reconnaissance_ieee123-atk149,reconnaissance_ieee123,2010-07-01T00:00:00,ieee123,RTU_ieee123,SCADA_MASTER,DNP3,REPORT,RTU_TO_SCADA,149,BUS_76_VPU_CA,0.9083109472520441,pu,GOOD,DELIVERED,0,0,,,,,DISCOVERED,ATTACK,reconnaissance,T0846
reconnaissance_ieee123-atk015,reconnaissance_ieee123,2010-07-01T00:00:00,ieee123,RTU_ieee123,SCADA_MASTER,DNP3,REPORT,RTU_TO_SCADA,15,BUS_135_VPU_AB,0.9034673015172785,pu,GOOD,DELIVERED,0,0,,,,,DISCOVERED,ATTACK,reconnaissance,T0846
reconnaissance_ieee123-atk150,reconnaissance_ieee123,2010-07-01T00:00:00,ieee123,RTU_ieee123,SCADA_MASTER,DNP3,REPORT,RTU_TO_SCADA,150,BUS_77_VPU_AB,0.8703694004860963,pu,GOOD,DELIVERED,0,0,,,,,DISCOVERED,ATTACK,reconnaissance,T0846
reconnaissance_ieee123-atk151,reconnaissance_ieee123,2010-07-01T00:00:00,ieee123,RTU_ieee123,SCADA_MASTER,DNP3,REPORT,RTU_TO_SCADA,151,BUS_77_VPU_BC,0.9340978226204866,pu,GOOD,DELIVERED,0,0,,,,,DISCOVERED,ATTACK,reconnaissance,T0846
reconnaissance_ieee123-atk152,reconnaissance_ieee123,2010-07-01T00:00:00,ieee123,RTU_ieee123,SCADA_MASTER,DNP3,REPORT,RTU_TO_SCADA,152,BUS_77_VPU_CA,0.9083462483914618,pu,GOOD,DELIVERED,0,0,,,,,DISCOVERED,ATTACK,reconnaissance,T0846
reconnaissance_ieee123-atk153,reconnaissance_ieee123,2010-07-01T00:00:00,ieee123,RTU_ieee123,SCADA_MASTER,DNP3,REPORT,RTU_TO_SCADA,153,BUS_78_VPU_AB,0.8706304771847374,pu,GOOD,DELIVERED,0,0,,,,,DISCOVERED,ATTACK,reconnaissance,T0846
reconnaissance_ieee123-atk154,reconnaissance_ieee123,2010-07-01T00:00:00,ieee123,RTU_ieee123,SCADA_MASTER,DNP3,REPORT,RTU_TO_SCADA,154,BUS_78_VPU_BC,0.9341250772415133,pu,GOOD,DELIVERED,0,0,,,,,DISCOVERED,ATTACK,reconnaissance,T0846
reconnaissance_ieee123-atk155,reconnaissance_ieee123,2010-07-01T00:00:00,ieee123,RTU_ieee123,SCADA_MASTER,DNP3,REPORT,RTU_TO_SCADA,155,BUS_78_VPU_CA,0.9083548836141164,pu,GOOD,DELIVERED,0,0,,,,,DISCOVERED,ATTACK,reconnaissance,T0846
reconnaissance_ieee123-atk156,reconnaissance_ieee123,2010-07-01T00:00:00,ieee123,RTU_ieee123,SCADA_MASTER,DNP3,REPORT,RTU_TO_SCADA,156,BUS_79_VPU_AB,0.8705742797923353,pu,GOOD,DELIVERED,0,0,,,,,DISCOVERED,ATTACK,reconnaissance,T0846
reconnaissance_ieee123-atk157,reconnaissance_ieee123,2010-07-01T00:00:00,ieee123,RTU_ieee123,SCADA_MASTER,DNP3,REPORT,RTU_TO_SCADA,157,BUS_79_VPU_BC,0.9341177324186203,pu,GOOD,DELIVERED,0,0,,,,,DISCOVERED,ATTACK,reconnaissance,T0846
reconnaissance_ieee123-atk158,reconnaissance_ieee123,2010-07-01T00:00:00,ieee123,RTU_ieee123,SCADA_MASTER,DNP3,REPORT,RTU_TO_SCADA,158,BUS_79_VPU_CA,0.9083341765637372,pu,GOOD,DELIVERED,0,0,,,,,DISCOVERED,ATTACK,reconnaissance,T0846
reconnaissance_ieee123-atk159,reconnaissance_ieee123,2010-07-01T00:00:00,ieee123,RTU_ieee123,SCADA_MASTER,DNP3,REPORT,RTU_TO_SCADA,159,BUS_7_VPU_AB,0.9208672118826612,pu,GOOD,DELIVERED,0,0,,,,,DISCOVERED,ATTACK,reconnaissance,T0846
reconnaissance_ieee123-atk016,reconnaissance_ieee123,2010-07-01T00:00:00,ieee123,RTU_ieee123,SCADA_MASTER,DNP3,REPORT,RTU_TO_SCADA,16,BUS_135_VPU_BC,0.9569878726668715,pu,GOOD,DELIVERED,0,0,,,,,DISCOVERED,ATTACK,reconnaissance,T0846
reconnaissance_ieee123-atk160,reconnaissance_ieee123,2010-07-01T00:00:00,ieee123,RTU_ieee123,SCADA_MASTER,DNP3,REPORT,RTU_TO_SCADA,160,BUS_7_VPU_BC,0.9653357868891437,pu,GOOD,DELIVERED,0,0,,,,,DISCOVERED,ATTACK,reconnaissance,T0846
reconnaissance_ieee123-atk161,reconnaissance_ieee123,2010-07-01T00:00:00,ieee123,RTU_ieee123,SCADA_MASTER,DNP3,REPORT,RTU_TO_SCADA,161,BUS_7_VPU_CA,0.9455800156431247,pu,GOOD,DELIVERED,0,0,,,,,DISCOVERED,ATTACK,reconnaissance,T0846
reconnaissance_ieee123-atk162,reconnaissance_ieee123,2010-07-01T00:00:00,ieee123,RTU_ieee123,SCADA_MASTER,DNP3,REPORT,RTU_TO_SCADA,162,BUS_80_VPU_AB,0.8719915617373606,pu,GOOD,DELIVERED,0,0,,,,,DISCOVERED,ATTACK,reconnaissance,T0846
reconnaissance_ieee123-atk163,reconnaissance_ieee123,2010-07-01T00:00:00,ieee123,RTU_ieee123,SCADA_MASTER,DNP3,REPORT,RTU_TO_SCADA,163,BUS_80_VPU_BC,0.9342747450782913,pu,GOOD,DELIVERED,0,0,,,,,DISCOVERED,ATTACK,reconnaissance,T0846
reconnaissance_ieee123-atk164,reconnaissance_ieee123,2010-07-01T00:00:00,ieee123,RTU_ieee123,SCADA_MASTER,DNP3,REPORT,RTU_TO_SCADA,164,BUS_80_VPU_CA,0.9084406321500199,pu,GOOD,DELIVERED,0,0,,,,,DISCOVERED,ATTACK,reconnaissance,T0846
reconnaissance_ieee123-atk165,reconnaissance_ieee123,2010-07-01T00:00:00,ieee123,RTU_ieee123,SCADA_MASTER,DNP3,REPORT,RTU_TO_SCADA,165,BUS_81_VPU_AB,0.8737599490938163,pu,GOOD,DELIVERED,0,0,,,,,DISCOVERED,ATTACK,reconnaissance,T0846
reconnaissance_ieee123-atk166,reconnaissance_ieee123,2010-07-01T00:00:00,ieee123,RTU_ieee123,SCADA_MASTER,DNP3,REPORT,RTU_TO_SCADA,166,BUS_81_VPU_BC,0.9354675382380977,pu,GOOD,DELIVERED,0,0,,,,,DISCOVERED,ATTACK,reconnaissance,T0846
reconnaissance_ieee123-atk167,reconnaissance_ieee123,2010-07-01T00:00:00,ieee123,RTU_ieee123,SCADA_MASTER,DNP3,REPORT,RTU_TO_SCADA,167,BUS_81_VPU_CA,0.9084786842586676,pu,GOOD,DELIVERED,0,0,,,,,DISCOVERED,ATTACK,reconnaissance,T0846
reconnaissance_ieee123-atk168,reconnaissance_ieee123,2010-07-01T00:00:00,ieee123,RTU_ieee123,SCADA_MASTER,DNP3,REPORT,RTU_TO_SCADA,168,BUS_82_VPU_AB,0.874608267642144,pu,GOOD,DELIVERED,0,0,,,,,DISCOVERED,ATTACK,reconnaissance,T0846
reconnaissance_ieee123-atk169,reconnaissance_ieee123,2010-07-01T00:00:00,ieee123,RTU_ieee123,SCADA_MASTER,DNP3,REPORT,RTU_TO_SCADA,169,BUS_82_VPU_BC,0.9363984455467147,pu,GOOD,DELIVERED,0,0,,,,,DISCOVERED,ATTACK,reconnaissance,T0846
reconnaissance_ieee123-atk017,reconnaissance_ieee123,2010-07-01T00:00:00,ieee123,RTU_ieee123,SCADA_MASTER,DNP3,REPORT,RTU_TO_SCADA,17,BUS_135_VPU_CA,0.9303835553381965,pu,GOOD,DELIVERED,0,0,,,,,DISCOVERED,ATTACK,reconnaissance,T0846
reconnaissance_ieee123-atk170,reconnaissance_ieee123,2010-07-01T00:00:00,ieee123,RTU_ieee123,SCADA_MASTER,DNP3,REPORT,RTU_TO_SCADA,170,BUS_82_VPU_CA,0.9092199160322315,pu,GOOD,DELIVERED,0,0,,,,,DISCOVERED,ATTACK,reconnaissance,T0846
reconnaissance_ieee123-atk171,reconnaissance_ieee123,2010-07-01T00:00:00,ieee123,RTU_ieee123,SCADA_MASTER,DNP3,REPORT,RTU_TO_SCADA,171,BUS_83_VPU_AB,0.8755973842572782,pu,GOOD,DELIVERED,0,0,,,,,DISCOVERED,ATTACK,reconnaissance,T0846
reconnaissance_ieee123-atk172,reconnaissance_ieee123,2010-07-01T00:00:00,ieee123,RTU_ieee123,SCADA_MASTER,DNP3,REPORT,RTU_TO_SCADA,172,BUS_83_VPU_BC,0.9373481749097734,pu,GOOD,DELIVERED,0,0,,,,,DISCOVERED,ATTACK,reconnaissance,T0846
reconnaissance_ieee123-atk173,reconnaissance_ieee123,2010-07-01T00:00:00,ieee123,RTU_ieee123,SCADA_MASTER,DNP3,REPORT,RTU_TO_SCADA,173,BUS_83_VPU_CA,0.9100131401708936,pu,GOOD,DELIVERED,0,0,,,,,DISCOVERED,ATTACK,reconnaissance,T0846
reconnaissance_ieee123-atk174,reconnaissance_ieee123,2010-07-01T00:00:00,ieee123,RTU_ieee123,SCADA_MASTER,DNP3,REPORT,RTU_TO_SCADA,174,BUS_86_VPU_AB,0.8681704085409564,pu,GOOD,DELIVERED,0,0,,,,,DISCOVERED,ATTACK,reconnaissance,T0846
reconnaissance_ieee123-atk175,reconnaissance_ieee123,2010-07-01T00:00:00,ieee123,RTU_ieee123,SCADA_MASTER,DNP3,REPORT,RTU_TO_SCADA,175,BUS_86_VPU_BC,0.9321866570952785,pu,GOOD,DELIVERED,0,0,,,,,DISCOVERED,ATTACK,reconnaissance,T0846
reconnaissance_ieee123-atk176,reconnaissance_ieee123,2010-07-01T00:00:00,ieee123,RTU_ieee123,SCADA_MASTER,DNP3,REPORT,RTU_TO_SCADA,176,BUS_86_VPU_CA,0.90881741088637,pu,GOOD,DELIVERED,0,0,,,,,DISCOVERED,ATTACK,reconnaissance,T0846
reconnaissance_ieee123-atk177,reconnaissance_ieee123,2010-07-01T00:00:00,ieee123,RTU_ieee123,SCADA_MASTER,DNP3,REPORT,RTU_TO_SCADA,177,BUS_87_VPU_AB,0.8674527742274616,pu,GOOD,DELIVERED,0,0,,,,,DISCOVERED,ATTACK,reconnaissance,T0846
reconnaissance_ieee123-atk178,reconnaissance_ieee123,2010-07-01T00:00:00,ieee123,RTU_ieee123,SCADA_MASTER,DNP3,REPORT,RTU_TO_SCADA,178,BUS_87_VPU_BC,0.9309245269868558,pu,GOOD,DELIVERED,0,0,,,,,DISCOVERED,ATTACK,reconnaissance,T0846
reconnaissance_ieee123-atk179,reconnaissance_ieee123,2010-07-01T00:00:00,ieee123,RTU_ieee123,SCADA_MASTER,DNP3,REPORT,RTU_TO_SCADA,179,BUS_87_VPU_CA,0.90894061111464,pu,GOOD,DELIVERED,0,0,,,,,DISCOVERED,ATTACK,reconnaissance,T0846
reconnaissance_ieee123-atk018,reconnaissance_ieee123,2010-07-01T00:00:00,ieee123,RTU_ieee123,SCADA_MASTER,DNP3,REPORT,RTU_TO_SCADA,18,BUS_13_VPU_AB,0.9067163282841699,pu,GOOD,DELIVERED,0,0,,,,,DISCOVERED,ATTACK,reconnaissance,T0846
reconnaissance_ieee123-atk180,reconnaissance_ieee123,2010-07-01T00:00:00,ieee123,RTU_ieee123,SCADA_MASTER,DNP3,REPORT,RTU_TO_SCADA,180,BUS_89_VPU_AB,0.8670088628395157,pu,GOOD,DELIVERED,0,0,,,,,DISCOVERED,ATTACK,reconnaissance,T0846
reconnaissance_ieee123-atk181,reconnaissance_ieee123,2010-07-01T00:00:00,ieee123,RTU_ieee123,SCADA_MASTER,DNP3,REPORT,RTU_TO_SCADA,181,BUS_89_VPU_BC,0.9302414734624491,pu,GOOD,DELIVERED,0,0,,,,,DISCOVERED,ATTACK,reconnaissance,T0846
reconnaissance_ieee123-atk182,reconnaissance_ieee123,2010-07-01T00:00:00,ieee123,RTU_ieee123,SCADA_MASTER,DNP3,REPORT,RTU_TO_SCADA,182,BUS_89_VPU_CA,0.9088913309784172,pu,GOOD,DELIVERED,0,0,,,,,DISCOVERED,ATTACK,reconnaissance,T0846
reconnaissance_ieee123-atk183,reconnaissance_ieee123,2010-07-01T00:00:00,ieee123,RTU_ieee123,SCADA_MASTER,DNP3,REPORT,RTU_TO_SCADA,183,BUS_8_VPU_AB,0.914442211205376,pu,GOOD,DELIVERED,0,0,,,,,DISCOVERED,ATTACK,reconnaissance,T0846
reconnaissance_ieee123-atk184,reconnaissance_ieee123,2010-07-01T00:00:00,ieee123,RTU_ieee123,SCADA_MASTER,DNP3,REPORT,RTU_TO_SCADA,184,BUS_8_VPU_BC,0.9627979797131764,pu,GOOD,DELIVERED,0,0,,,,,DISCOVERED,ATTACK,reconnaissance,T0846
reconnaissance_ieee123-atk185,reconnaissance_ieee123,2010-07-01T00:00:00,ieee123,RTU_ieee123,SCADA_MASTER,DNP3,REPORT,RTU_TO_SCADA,185,BUS_8_VPU_CA,0.9405963899029148,pu,GOOD,DELIVERED,0,0,,,,,DISCOVERED,ATTACK,reconnaissance,T0846
reconnaissance_ieee123-atk186,reconnaissance_ieee123,2010-07-01T00:00:00,ieee123,RTU_ieee123,SCADA_MASTER,DNP3,REPORT,RTU_TO_SCADA,186,BUS_91_VPU_AB,0.8667371457040614,pu,GOOD,DELIVERED,0,0,,,,,DISCOVERED,ATTACK,reconnaissance,T0846
reconnaissance_ieee123-atk187,reconnaissance_ieee123,2010-07-01T00:00:00,ieee123,RTU_ieee123,SCADA_MASTER,DNP3,REPORT,RTU_TO_SCADA,187,BUS_91_VPU_BC,0.9302102064977471,pu,GOOD,DELIVERED,0,0,,,,,DISCOVERED,ATTACK,reconnaissance,T0846
reconnaissance_ieee123-atk188,reconnaissance_ieee123,2010-07-01T00:00:00,ieee123,RTU_ieee123,SCADA_MASTER,DNP3,REPORT,RTU_TO_SCADA,188,BUS_91_VPU_CA,0.9088219026094688,pu,GOOD,DELIVERED,0,0,,,,,DISCOVERED,ATTACK,reconnaissance,T0846
reconnaissance_ieee123-atk189,reconnaissance_ieee123,2010-07-01T00:00:00,ieee123,RTU_ieee123,SCADA_MASTER,DNP3,REPORT,RTU_TO_SCADA,189,BUS_93_VPU_AB,0.8664590357915841,pu,GOOD,DELIVERED,0,0,,,,,DISCOVERED,ATTACK,reconnaissance,T0846
reconnaissance_ieee123-atk019,reconnaissance_ieee123,2010-07-01T00:00:00,ieee123,RTU_ieee123,SCADA_MASTER,DNP3,REPORT,RTU_TO_SCADA,19,BUS_13_VPU_BC,0.9589946717263218,pu,GOOD,DELIVERED,0,0,,,,,DISCOVERED,ATTACK,reconnaissance,T0846
reconnaissance_ieee123-atk190,reconnaissance_ieee123,2010-07-01T00:00:00,ieee123,RTU_ieee123,SCADA_MASTER,DNP3,REPORT,RTU_TO_SCADA,190,BUS_93_VPU_BC,0.9300646477322624,pu,GOOD,DELIVERED,0,0,,,,,DISCOVERED,ATTACK,reconnaissance,T0846
reconnaissance_ieee123-atk191,reconnaissance_ieee123,2010-07-01T00:00:00,ieee123,RTU_ieee123,SCADA_MASTER,DNP3,REPORT,RTU_TO_SCADA,191,BUS_93_VPU_CA,0.90874222295726,pu,GOOD,DELIVERED,0,0,,,,,DISCOVERED,ATTACK,reconnaissance,T0846
reconnaissance_ieee123-atk192,reconnaissance_ieee123,2010-07-01T00:00:00,ieee123,RTU_ieee123,SCADA_MASTER,DNP3,REPORT,RTU_TO_SCADA,192,BUS_95_VPU_AB,0.8663981403546983,pu,GOOD,DELIVERED,0,0,,,,,DISCOVERED,ATTACK,reconnaissance,T0846
reconnaissance_ieee123-atk193,reconnaissance_ieee123,2010-07-01T00:00:00,ieee123,RTU_ieee123,SCADA_MASTER,DNP3,REPORT,RTU_TO_SCADA,193,BUS_95_VPU_BC,0.9299111120263195,pu,GOOD,DELIVERED,0,0,,,,,DISCOVERED,ATTACK,reconnaissance,T0846
reconnaissance_ieee123-atk194,reconnaissance_ieee123,2010-07-01T00:00:00,ieee123,RTU_ieee123,SCADA_MASTER,DNP3,REPORT,RTU_TO_SCADA,194,BUS_95_VPU_CA,0.9087494883029958,pu,GOOD,DELIVERED,0,0,,,,,DISCOVERED,ATTACK,reconnaissance,T0846
reconnaissance_ieee123-atk195,reconnaissance_ieee123,2010-07-01T00:00:00,ieee123,RTU_ieee123,SCADA_MASTER,DNP3,REPORT,RTU_TO_SCADA,195,BUS_97_VPU_AB,0.8677466100271769,pu,GOOD,DELIVERED,0,0,,,,,DISCOVERED,ATTACK,reconnaissance,T0846
reconnaissance_ieee123-atk196,reconnaissance_ieee123,2010-07-01T00:00:00,ieee123,RTU_ieee123,SCADA_MASTER,DNP3,REPORT,RTU_TO_SCADA,196,BUS_97_VPU_BC,0.9344460585790949,pu,GOOD,DELIVERED,0,0,,,,,DISCOVERED,ATTACK,reconnaissance,T0846
reconnaissance_ieee123-atk197,reconnaissance_ieee123,2010-07-01T00:00:00,ieee123,RTU_ieee123,SCADA_MASTER,DNP3,REPORT,RTU_TO_SCADA,197,BUS_97_VPU_CA,0.9069440267462306,pu,GOOD,DELIVERED,0,0,,,,,DISCOVERED,ATTACK,reconnaissance,T0846
reconnaissance_ieee123-atk198,reconnaissance_ieee123,2010-07-01T00:00:00,ieee123,RTU_ieee123,SCADA_MASTER,DNP3,REPORT,RTU_TO_SCADA,198,BUS_98_VPU_AB,0.867439577083469,pu,GOOD,DELIVERED,0,0,,,,,DISCOVERED,ATTACK,reconnaissance,T0846
reconnaissance_ieee123-atk199,reconnaissance_ieee123,2010-07-01T00:00:00,ieee123,RTU_ieee123,SCADA_MASTER,DNP3,REPORT,RTU_TO_SCADA,199,BUS_98_VPU_BC,0.9340483734177968,pu,GOOD,DELIVERED,0,0,,,,,DISCOVERED,ATTACK,reconnaissance,T0846
reconnaissance_ieee123-atk002,reconnaissance_ieee123,2010-07-01T00:00:00,ieee123,SCADA_MASTER,RTU_ieee123,DNP3,QUERY,SCADA_TO_RTU,2,,,,GOOD,DELIVERED,0,1,,,,SCAN-ieee123-CONTROLS,SCAN,ATTACK,reconnaissance,T0846
reconnaissance_ieee123-atk020,reconnaissance_ieee123,2010-07-01T00:00:00,ieee123,RTU_ieee123,SCADA_MASTER,DNP3,REPORT,RTU_TO_SCADA,20,BUS_13_VPU_CA,0.933985398887256,pu,GOOD,DELIVERED,0,0,,,,,DISCOVERED,ATTACK,reconnaissance,T0846
reconnaissance_ieee123-atk200,reconnaissance_ieee123,2010-07-01T00:00:00,ieee123,RTU_ieee123,SCADA_MASTER,DNP3,REPORT,RTU_TO_SCADA,200,BUS_98_VPU_CA,0.9059430312808329,pu,GOOD,DELIVERED,0,0,,,,,DISCOVERED,ATTACK,reconnaissance,T0846
reconnaissance_ieee123-atk201,reconnaissance_ieee123,2010-07-01T00:00:00,ieee123,RTU_ieee123,SCADA_MASTER,DNP3,REPORT,RTU_TO_SCADA,201,BUS_99_VPU_AB,0.8672222867517962,pu,GOOD,DELIVERED,0,0,,,,,DISCOVERED,ATTACK,reconnaissance,T0846
reconnaissance_ieee123-atk202,reconnaissance_ieee123,2010-07-01T00:00:00,ieee123,RTU_ieee123,SCADA_MASTER,DNP3,REPORT,RTU_TO_SCADA,202,BUS_99_VPU_BC,0.9332712257497293,pu,GOOD,DELIVERED,0,0,,,,,DISCOVERED,ATTACK,reconnaissance,T0846
reconnaissance_ieee123-atk203,reconnaissance_ieee123,2010-07-01T00:00:00,ieee123,RTU_ieee123,SCADA_MASTER,DNP3,REPORT,RTU_TO_SCADA,203,BUS_99_VPU_CA,0.9040900849813818,pu,GOOD,DELIVERED,0,0,,,,,DISCOVERED,ATTACK,reconnaissance,T0846
reconnaissance_ieee123-atk204,reconnaissance_ieee123,2010-07-01T00:00:00,ieee123,RTU_ieee123,SCADA_MASTER,DNP3,REPORT,RTU_TO_SCADA,204,CTRL_load_load_001_kvar_multiplier,1.0,pu,GOOD,DELIVERED,0,0,,,,,DISCOVERED,ATTACK,reconnaissance,T0846
reconnaissance_ieee123-atk205,reconnaissance_ieee123,2010-07-01T00:00:00,ieee123,RTU_ieee123,SCADA_MASTER,DNP3,REPORT,RTU_TO_SCADA,205,CTRL_load_load_001_kw_multiplier,1.0,pu,GOOD,DELIVERED,0,0,,,,,DISCOVERED,ATTACK,reconnaissance,T0846
reconnaissance_ieee123-atk206,reconnaissance_ieee123,2010-07-01T00:00:00,ieee123,RTU_ieee123,SCADA_MASTER,DNP3,REPORT,RTU_TO_SCADA,206,CTRL_load_load_002_kvar_multiplier,1.0,pu,GOOD,DELIVERED,0,0,,,,,DISCOVERED,ATTACK,reconnaissance,T0846
reconnaissance_ieee123-atk207,reconnaissance_ieee123,2010-07-01T00:00:00,ieee123,RTU_ieee123,SCADA_MASTER,DNP3,REPORT,RTU_TO_SCADA,207,CTRL_load_load_002_kw_multiplier,1.0,pu,GOOD,DELIVERED,0,0,,,,,DISCOVERED,ATTACK,reconnaissance,T0846
reconnaissance_ieee123-atk208,reconnaissance_ieee123,2010-07-01T00:00:00,ieee123,RTU_ieee123,SCADA_MASTER,DNP3,REPORT,RTU_TO_SCADA,208,CTRL_load_load_003_kvar_multiplier,1.0,pu,GOOD,DELIVERED,0,0,,,,,DISCOVERED,ATTACK,reconnaissance,T0846
reconnaissance_ieee123-atk209,reconnaissance_ieee123,2010-07-01T00:00:00,ieee123,RTU_ieee123,SCADA_MASTER,DNP3,REPORT,RTU_TO_SCADA,209,CTRL_load_load_003_kw_multiplier,1.0,pu,GOOD,DELIVERED,0,0,,,,,DISCOVERED,ATTACK,reconnaissance,T0846
reconnaissance_ieee123-atk021,reconnaissance_ieee123,2010-07-01T00:00:00,ieee123,RTU_ieee123,SCADA_MASTER,DNP3,REPORT,RTU_TO_SCADA,21,BUS_149_VPU_AB,0.94358041771503,pu,GOOD,DELIVERED,0,0,,,,,DISCOVERED,ATTACK,reconnaissance,T0846
reconnaissance_ieee123-atk210,reconnaissance_ieee123,2010-07-01T00:00:00,ieee123,RTU_ieee123,SCADA_MASTER,DNP3,REPORT,RTU_TO_SCADA,210,CTRL_load_load_004_kvar_multiplier,1.0,pu,GOOD,DELIVERED,0,0,,,,,DISCOVERED,ATTACK,reconnaissance,T0846
reconnaissance_ieee123-atk211,reconnaissance_ieee123,2010-07-01T00:00:00,ieee123,RTU_ieee123,SCADA_MASTER,DNP3,REPORT,RTU_TO_SCADA,211,CTRL_load_load_004_kw_multiplier,1.0,pu,GOOD,DELIVERED,0,0,,,,,DISCOVERED,ATTACK,reconnaissance,T0846
reconnaissance_ieee123-atk212,reconnaissance_ieee123,2010-07-01T00:00:00,ieee123,RTU_ieee123,SCADA_MASTER,DNP3,REPORT,RTU_TO_SCADA,212,CTRL_load_load_005_kvar_multiplier,1.0,pu,GOOD,DELIVERED,0,0,,,,,DISCOVERED,ATTACK,reconnaissance,T0846
reconnaissance_ieee123-atk213,reconnaissance_ieee123,2010-07-01T00:00:00,ieee123,RTU_ieee123,SCADA_MASTER,DNP3,REPORT,RTU_TO_SCADA,213,CTRL_load_load_005_kw_multiplier,1.0,pu,GOOD,DELIVERED,0,0,,,,,DISCOVERED,ATTACK,reconnaissance,T0846
reconnaissance_ieee123-atk214,reconnaissance_ieee123,2010-07-01T00:00:00,ieee123,RTU_ieee123,SCADA_MASTER,DNP3,REPORT,RTU_TO_SCADA,214,CTRL_load_load_006_kvar_multiplier,1.0,pu,GOOD,DELIVERED,0,0,,,,,DISCOVERED,ATTACK,reconnaissance,T0846
reconnaissance_ieee123-atk215,reconnaissance_ieee123,2010-07-01T00:00:00,ieee123,RTU_ieee123,SCADA_MASTER,DNP3,REPORT,RTU_TO_SCADA,215,CTRL_load_load_006_kw_multiplier,1.0,pu,GOOD,DELIVERED,0,0,,,,,DISCOVERED,ATTACK,reconnaissance,T0846
reconnaissance_ieee123-atk216,reconnaissance_ieee123,2010-07-01T00:00:00,ieee123,RTU_ieee123,SCADA_MASTER,DNP3,REPORT,RTU_TO_SCADA,216,CTRL_load_load_007_kvar_multiplier,1.0,pu,GOOD,DELIVERED,0,0,,,,,DISCOVERED,ATTACK,reconnaissance,T0846
reconnaissance_ieee123-atk217,reconnaissance_ieee123,2010-07-01T00:00:00,ieee123,RTU_ieee123,SCADA_MASTER,DNP3,REPORT,RTU_TO_SCADA,217,CTRL_load_load_007_kw_multiplier,1.0,pu,GOOD,DELIVERED,0,0,,,,,DISCOVERED,ATTACK,reconnaissance,T0846
reconnaissance_ieee123-atk218,reconnaissance_ieee123,2010-07-01T00:00:00,ieee123,RTU_ieee123,SCADA_MASTER,DNP3,REPORT,RTU_TO_SCADA,218,CTRL_load_load_008_kvar_multiplier,1.0,pu,GOOD,DELIVERED,0,0,,,,,DISCOVERED,ATTACK,reconnaissance,T0846
reconnaissance_ieee123-atk219,reconnaissance_ieee123,2010-07-01T00:00:00,ieee123,RTU_ieee123,SCADA_MASTER,DNP3,REPORT,RTU_TO_SCADA,219,CTRL_load_load_008_kw_multiplier,1.0,pu,GOOD,DELIVERED,0,0,,,,,DISCOVERED,ATTACK,reconnaissance,T0846
reconnaissance_ieee123-atk022,reconnaissance_ieee123,2010-07-01T00:00:00,ieee123,RTU_ieee123,SCADA_MASTER,DNP3,REPORT,RTU_TO_SCADA,22,BUS_149_VPU_BC,0.9747913903600857,pu,GOOD,DELIVERED,0,0,,,,,DISCOVERED,ATTACK,reconnaissance,T0846
reconnaissance_ieee123-atk220,reconnaissance_ieee123,2010-07-01T00:00:00,ieee123,RTU_ieee123,SCADA_MASTER,DNP3,REPORT,RTU_TO_SCADA,220,CTRL_load_load_009_kvar_multiplier,1.0,pu,GOOD,DELIVERED,0,0,,,,,DISCOVERED,ATTACK,reconnaissance,T0846
reconnaissance_ieee123-atk221,reconnaissance_ieee123,2010-07-01T00:00:00,ieee123,RTU_ieee123,SCADA_MASTER,DNP3,REPORT,RTU_TO_SCADA,221,CTRL_load_load_009_kw_multiplier,1.0,pu,GOOD,DELIVERED,0,0,,,,,DISCOVERED,ATTACK,reconnaissance,T0846
reconnaissance_ieee123-atk222,reconnaissance_ieee123,2010-07-01T00:00:00,ieee123,RTU_ieee123,SCADA_MASTER,DNP3,REPORT,RTU_TO_SCADA,222,CTRL_load_load_010_kvar_multiplier,1.0,pu,GOOD,DELIVERED,0,0,,,,,DISCOVERED,ATTACK,reconnaissance,T0846
reconnaissance_ieee123-atk223,reconnaissance_ieee123,2010-07-01T00:00:00,ieee123,RTU_ieee123,SCADA_MASTER,DNP3,REPORT,RTU_TO_SCADA,223,CTRL_load_load_010_kw_multiplier,1.0,pu,GOOD,DELIVERED,0,0,,,,,DISCOVERED,ATTACK,reconnaissance,T0846
reconnaissance_ieee123-atk224,reconnaissance_ieee123,2010-07-01T00:00:00,ieee123,RTU_ieee123,SCADA_MASTER,DNP3,REPORT,RTU_TO_SCADA,224,CTRL_load_load_011_kvar_multiplier,1.0,pu,GOOD,DELIVERED,0,0,,,,,DISCOVERED,ATTACK,reconnaissance,T0846
reconnaissance_ieee123-atk225,reconnaissance_ieee123,2010-07-01T00:00:00,ieee123,RTU_ieee123,SCADA_MASTER,DNP3,REPORT,RTU_TO_SCADA,225,CTRL_load_load_011_kw_multiplier,1.0,pu,GOOD,DELIVERED,0,0,,,,,DISCOVERED,ATTACK,reconnaissance,T0846
reconnaissance_ieee123-atk226,reconnaissance_ieee123,2010-07-01T00:00:00,ieee123,RTU_ieee123,SCADA_MASTER,DNP3,REPORT,RTU_TO_SCADA,226,CTRL_load_load_012_kvar_multiplier,1.0,pu,GOOD,DELIVERED,0,0,,,,,DISCOVERED,ATTACK,reconnaissance,T0846
reconnaissance_ieee123-atk227,reconnaissance_ieee123,2010-07-01T00:00:00,ieee123,RTU_ieee123,SCADA_MASTER,DNP3,REPORT,RTU_TO_SCADA,227,CTRL_load_load_012_kw_multiplier,1.0,pu,GOOD,DELIVERED,0,0,,,,,DISCOVERED,ATTACK,reconnaissance,T0846
reconnaissance_ieee123-atk228,reconnaissance_ieee123,2010-07-01T00:00:00,ieee123,RTU_ieee123,SCADA_MASTER,DNP3,REPORT,RTU_TO_SCADA,228,CTRL_load_load_013_kvar_multiplier,1.0,pu,GOOD,DELIVERED,0,0,,,,,DISCOVERED,ATTACK,reconnaissance,T0846
reconnaissance_ieee123-atk229,reconnaissance_ieee123,2010-07-01T00:00:00,ieee123,RTU_ieee123,SCADA_MASTER,DNP3,REPORT,RTU_TO_SCADA,229,CTRL_load_load_013_kw_multiplier,1.0,pu,GOOD,DELIVERED,0,0,,,,,DISCOVERED,ATTACK,reconnaissance,T0846
reconnaissance_ieee123-atk023,reconnaissance_ieee123,2010-07-01T00:00:00,ieee123,RTU_ieee123,SCADA_MASTER,DNP3,REPORT,RTU_TO_SCADA,23,BUS_149_VPU_CA,0.9647306825863783,pu,GOOD,DELIVERED,0,0,,,,,DISCOVERED,ATTACK,reconnaissance,T0846
reconnaissance_ieee123-atk230,reconnaissance_ieee123,2010-07-01T00:00:00,ieee123,RTU_ieee123,SCADA_MASTER,DNP3,REPORT,RTU_TO_SCADA,230,CTRL_load_load_014_kvar_multiplier,1.0,pu,GOOD,DELIVERED,0,0,,,,,DISCOVERED,ATTACK,reconnaissance,T0846
reconnaissance_ieee123-atk231,reconnaissance_ieee123,2010-07-01T00:00:00,ieee123,RTU_ieee123,SCADA_MASTER,DNP3,REPORT,RTU_TO_SCADA,231,CTRL_load_load_014_kw_multiplier,1.0,pu,GOOD,DELIVERED,0,0,,,,,DISCOVERED,ATTACK,reconnaissance,T0846
reconnaissance_ieee123-atk232,reconnaissance_ieee123,2010-07-01T00:00:00,ieee123,RTU_ieee123,SCADA_MASTER,DNP3,REPORT,RTU_TO_SCADA,232,CTRL_load_load_015_kvar_multiplier,1.0,pu,GOOD,DELIVERED,0,0,,,,,DISCOVERED,ATTACK,reconnaissance,T0846
reconnaissance_ieee123-atk233,reconnaissance_ieee123,2010-07-01T00:00:00,ieee123,RTU_ieee123,SCADA_MASTER,DNP3,REPORT,RTU_TO_SCADA,233,CTRL_load_load_015_kw_multiplier,1.0,pu,GOOD,DELIVERED,0,0,,,,,DISCOVERED,ATTACK,reconnaissance,T0846
reconnaissance_ieee123-atk234,reconnaissance_ieee123,2010-07-01T00:00:00,ieee123,RTU_ieee123,SCADA_MASTER,DNP3,REPORT,RTU_TO_SCADA,234,CTRL_load_load_016_kvar_multiplier,1.0,pu,GOOD,DELIVERED,0,0,,,,,DISCOVERED,ATTACK,reconnaissance,T0846
reconnaissance_ieee123-atk235,reconnaissance_ieee123,2010-07-01T00:00:00,ieee123,RTU_ieee123,SCADA_MASTER,DNP3,REPORT,RTU_TO_SCADA,235,CTRL_load_load_016_kw_multiplier,1.0,pu,GOOD,DELIVERED,0,0,,,,,DISCOVERED,ATTACK,reconnaissance,T0846
reconnaissance_ieee123-atk236,reconnaissance_ieee123,2010-07-01T00:00:00,ieee123,RTU_ieee123,SCADA_MASTER,DNP3,REPORT,RTU_TO_SCADA,236,CTRL_load_load_017_kvar_multiplier,1.0,pu,GOOD,DELIVERED,0,0,,,,,DISCOVERED,ATTACK,reconnaissance,T0846
reconnaissance_ieee123-atk237,reconnaissance_ieee123,2010-07-01T00:00:00,ieee123,RTU_ieee123,SCADA_MASTER,DNP3,REPORT,RTU_TO_SCADA,237,CTRL_load_load_017_kw_multiplier,1.0,pu,GOOD,DELIVERED,0,0,,,,,DISCOVERED,ATTACK,reconnaissance,T0846
reconnaissance_ieee123-atk238,reconnaissance_ieee123,2010-07-01T00:00:00,ieee123,RTU_ieee123,SCADA_MASTER,DNP3,REPORT,RTU_TO_SCADA,238,CTRL_load_load_018_kvar_multiplier,1.0,pu,GOOD,DELIVERED,0,0,,,,,DISCOVERED,ATTACK,reconnaissance,T0846
reconnaissance_ieee123-atk239,reconnaissance_ieee123,2010-07-01T00:00:00,ieee123,RTU_ieee123,SCADA_MASTER,DNP3,REPORT,RTU_TO_SCADA,239,CTRL_load_load_018_kw_multiplier,1.0,pu,GOOD,DELIVERED,0,0,,,,,DISCOVERED,ATTACK,reconnaissance,T0846
reconnaissance_ieee123-atk024,reconnaissance_ieee123,2010-07-01T00:00:00,ieee123,RTU_ieee123,SCADA_MASTER,DNP3,REPORT,RTU_TO_SCADA,24,BUS_150_VPU_AB,0.9435806459396545,pu,GOOD,DELIVERED,0,0,,,,,DISCOVERED,ATTACK,reconnaissance,T0846
reconnaissance_ieee123-atk240,reconnaissance_ieee123,2010-07-01T00:00:00,ieee123,RTU_ieee123,SCADA_MASTER,DNP3,REPORT,RTU_TO_SCADA,240,CTRL_load_load_019_kvar_multiplier,1.0,pu,GOOD,DELIVERED,0,0,,,,,DISCOVERED,ATTACK,reconnaissance,T0846
reconnaissance_ieee123-atk241,reconnaissance_ieee123,2010-07-01T00:00:00,ieee123,RTU_ieee123,SCADA_MASTER,DNP3,REPORT,RTU_TO_SCADA,241,CTRL_load_load_019_kw_multiplier,1.0,pu,GOOD,DELIVERED,0,0,,,,,DISCOVERED,ATTACK,reconnaissance,T0846
reconnaissance_ieee123-atk242,reconnaissance_ieee123,2010-07-01T00:00:00,ieee123,RTU_ieee123,SCADA_MASTER,DNP3,REPORT,RTU_TO_SCADA,242,CTRL_load_load_020_kvar_multiplier,1.0,pu,GOOD,DELIVERED,0,0,,,,,DISCOVERED,ATTACK,reconnaissance,T0846
reconnaissance_ieee123-atk243,reconnaissance_ieee123,2010-07-01T00:00:00,ieee123,RTU_ieee123,SCADA_MASTER,DNP3,REPORT,RTU_TO_SCADA,243,CTRL_load_load_020_kw_multiplier,1.0,pu,GOOD,DELIVERED,0,0,,,,,DISCOVERED,ATTACK,reconnaissance,T0846
reconnaissance_ieee123-atk244,reconnaissance_ieee123,2010-07-01T00:00:00,ieee123,RTU_ieee123,SCADA_MASTER,DNP3,REPORT,RTU_TO_SCADA,244,CTRL_load_load_021_kvar_multiplier,1.0,pu,GOOD,DELIVERED,0,0,,,,,DISCOVERED,ATTACK,reconnaissance,T0846
reconnaissance_ieee123-atk245,reconnaissance_ieee123,2010-07-01T00:00:00,ieee123,RTU_ieee123,SCADA_MASTER,DNP3,REPORT,RTU_TO_SCADA,245,CTRL_load_load_021_kw_multiplier,1.0,pu,GOOD,DELIVERED,0,0,,,,,DISCOVERED,ATTACK,reconnaissance,T0846
reconnaissance_ieee123-atk246,reconnaissance_ieee123,2010-07-01T00:00:00,ieee123,RTU_ieee123,SCADA_MASTER,DNP3,REPORT,RTU_TO_SCADA,246,CTRL_load_load_022_kvar_multiplier,1.0,pu,GOOD,DELIVERED,0,0,,,,,DISCOVERED,ATTACK,reconnaissance,T0846
reconnaissance_ieee123-atk247,reconnaissance_ieee123,2010-07-01T00:00:00,ieee123,RTU_ieee123,SCADA_MASTER,DNP3,REPORT,RTU_TO_SCADA,247,CTRL_load_load_022_kw_multiplier,1.0,pu,GOOD,DELIVERED,0,0,,,,,DISCOVERED,ATTACK,reconnaissance,T0846
reconnaissance_ieee123-atk248,reconnaissance_ieee123,2010-07-01T00:00:00,ieee123,RTU_ieee123,SCADA_MASTER,DNP3,REPORT,RTU_TO_SCADA,248,CTRL_load_load_023_kvar_multiplier,1.0,pu,GOOD,DELIVERED,0,0,,,,,DISCOVERED,ATTACK,reconnaissance,T0846
reconnaissance_ieee123-atk249,reconnaissance_ieee123,2010-07-01T00:00:00,ieee123,RTU_ieee123,SCADA_MASTER,DNP3,REPORT,RTU_TO_SCADA,249,CTRL_load_load_023_kw_multiplier,1.0,pu,GOOD,DELIVERED,0,0,,,,,DISCOVERED,ATTACK,reconnaissance,T0846
reconnaissance_ieee123-atk025,reconnaissance_ieee123,2010-07-01T00:00:00,ieee123,RTU_ieee123,SCADA_MASTER,DNP3,REPORT,RTU_TO_SCADA,25,BUS_150_VPU_BC,0.9747915827531242,pu,GOOD,DELIVERED,0,0,,,,,DISCOVERED,ATTACK,reconnaissance,T0846
reconnaissance_ieee123-atk250,reconnaissance_ieee123,2010-07-01T00:00:00,ieee123,RTU_ieee123,SCADA_MASTER,DNP3,REPORT,RTU_TO_SCADA,250,CTRL_load_load_024_kvar_multiplier,1.0,pu,GOOD,DELIVERED,0,0,,,,,DISCOVERED,ATTACK,reconnaissance,T0846
reconnaissance_ieee123-atk251,reconnaissance_ieee123,2010-07-01T00:00:00,ieee123,RTU_ieee123,SCADA_MASTER,DNP3,REPORT,RTU_TO_SCADA,251,CTRL_load_load_024_kw_multiplier,1.0,pu,GOOD,DELIVERED,0,0,,,,,DISCOVERED,ATTACK,reconnaissance,T0846
reconnaissance_ieee123-atk252,reconnaissance_ieee123,2010-07-01T00:00:00,ieee123,RTU_ieee123,SCADA_MASTER,DNP3,REPORT,RTU_TO_SCADA,252,CTRL_load_load_025_kvar_multiplier,1.0,pu,GOOD,DELIVERED,0,0,,,,,DISCOVERED,ATTACK,reconnaissance,T0846
reconnaissance_ieee123-atk253,reconnaissance_ieee123,2010-07-01T00:00:00,ieee123,RTU_ieee123,SCADA_MASTER,DNP3,REPORT,RTU_TO_SCADA,253,CTRL_load_load_025_kw_multiplier,1.0,pu,GOOD,DELIVERED,0,0,,,,,DISCOVERED,ATTACK,reconnaissance,T0846
reconnaissance_ieee123-atk254,reconnaissance_ieee123,2010-07-01T00:00:00,ieee123,RTU_ieee123,SCADA_MASTER,DNP3,REPORT,RTU_TO_SCADA,254,CTRL_load_load_026_kvar_multiplier,1.0,pu,GOOD,DELIVERED,0,0,,,,,DISCOVERED,ATTACK,reconnaissance,T0846
reconnaissance_ieee123-atk255,reconnaissance_ieee123,2010-07-01T00:00:00,ieee123,RTU_ieee123,SCADA_MASTER,DNP3,REPORT,RTU_TO_SCADA,255,CTRL_load_load_026_kw_multiplier,1.0,pu,GOOD,DELIVERED,0,0,,,,,DISCOVERED,ATTACK,reconnaissance,T0846
reconnaissance_ieee123-atk256,reconnaissance_ieee123,2010-07-01T00:00:00,ieee123,RTU_ieee123,SCADA_MASTER,DNP3,REPORT,RTU_TO_SCADA,256,CTRL_load_load_027_kvar_multiplier,1.0,pu,GOOD,DELIVERED,0,0,,,,,DISCOVERED,ATTACK,reconnaissance,T0846
reconnaissance_ieee123-atk257,reconnaissance_ieee123,2010-07-01T00:00:00,ieee123,RTU_ieee123,SCADA_MASTER,DNP3,REPORT,RTU_TO_SCADA,257,CTRL_load_load_027_kw_multiplier,1.0,pu,GOOD,DELIVERED,0,0,,,,,DISCOVERED,ATTACK,reconnaissance,T0846
reconnaissance_ieee123-atk258,reconnaissance_ieee123,2010-07-01T00:00:00,ieee123,RTU_ieee123,SCADA_MASTER,DNP3,REPORT,RTU_TO_SCADA,258,CTRL_load_load_028_kvar_multiplier,1.0,pu,GOOD,DELIVERED,0,0,,,,,DISCOVERED,ATTACK,reconnaissance,T0846
reconnaissance_ieee123-atk259,reconnaissance_ieee123,2010-07-01T00:00:00,ieee123,RTU_ieee123,SCADA_MASTER,DNP3,REPORT,RTU_TO_SCADA,259,CTRL_load_load_028_kw_multiplier,1.0,pu,GOOD,DELIVERED,0,0,,,,,DISCOVERED,ATTACK,reconnaissance,T0846
reconnaissance_ieee123-atk026,reconnaissance_ieee123,2010-07-01T00:00:00,ieee123,RTU_ieee123,SCADA_MASTER,DNP3,REPORT,RTU_TO_SCADA,26,BUS_150_VPU_CA,0.9647309888148038,pu,GOOD,DELIVERED,0,0,,,,,DISCOVERED,ATTACK,reconnaissance,T0846
reconnaissance_ieee123-atk260,reconnaissance_ieee123,2010-07-01T00:00:00,ieee123,RTU_ieee123,SCADA_MASTER,DNP3,REPORT,RTU_TO_SCADA,260,CTRL_load_load_029_kvar_multiplier,1.0,pu,GOOD,DELIVERED,0,0,,,,,DISCOVERED,ATTACK,reconnaissance,T0846
reconnaissance_ieee123-atk261,reconnaissance_ieee123,2010-07-01T00:00:00,ieee123,RTU_ieee123,SCADA_MASTER,DNP3,REPORT,RTU_TO_SCADA,261,CTRL_load_load_029_kw_multiplier,1.0,pu,GOOD,DELIVERED,0,0,,,,,DISCOVERED,ATTACK,reconnaissance,T0846
reconnaissance_ieee123-atk262,reconnaissance_ieee123,2010-07-01T00:00:00,ieee123,RTU_ieee123,SCADA_MASTER,DNP3,REPORT,RTU_TO_SCADA,262,CTRL_load_load_030_kvar_multiplier,1.0,pu,GOOD,DELIVERED,0,0,,,,,DISCOVERED,ATTACK,reconnaissance,T0846
reconnaissance_ieee123-atk263,reconnaissance_ieee123,2010-07-01T00:00:00,ieee123,RTU_ieee123,SCADA_MASTER,DNP3,REPORT,RTU_TO_SCADA,263,CTRL_load_load_030_kw_multiplier,1.0,pu,GOOD,DELIVERED,0,0,,,,,DISCOVERED,ATTACK,reconnaissance,T0846
reconnaissance_ieee123-atk264,reconnaissance_ieee123,2010-07-01T00:00:00,ieee123,RTU_ieee123,SCADA_MASTER,DNP3,REPORT,RTU_TO_SCADA,264,CTRL_load_load_031_kvar_multiplier,1.0,pu,GOOD,DELIVERED,0,0,,,,,DISCOVERED,ATTACK,reconnaissance,T0846
reconnaissance_ieee123-atk265,reconnaissance_ieee123,2010-07-01T00:00:00,ieee123,RTU_ieee123,SCADA_MASTER,DNP3,REPORT,RTU_TO_SCADA,265,CTRL_load_load_031_kw_multiplier,1.0,pu,GOOD,DELIVERED,0,0,,,,,DISCOVERED,ATTACK,reconnaissance,T0846
reconnaissance_ieee123-atk266,reconnaissance_ieee123,2010-07-01T00:00:00,ieee123,RTU_ieee123,SCADA_MASTER,DNP3,REPORT,RTU_TO_SCADA,266,CTRL_load_load_032_kvar_multiplier,1.0,pu,GOOD,DELIVERED,0,0,,,,,DISCOVERED,ATTACK,reconnaissance,T0846
reconnaissance_ieee123-atk267,reconnaissance_ieee123,2010-07-01T00:00:00,ieee123,RTU_ieee123,SCADA_MASTER,DNP3,REPORT,RTU_TO_SCADA,267,CTRL_load_load_032_kw_multiplier,1.0,pu,GOOD,DELIVERED,0,0,,,,,DISCOVERED,ATTACK,reconnaissance,T0846
reconnaissance_ieee123-atk268,reconnaissance_ieee123,2010-07-01T00:00:00,ieee123,RTU_ieee123,SCADA_MASTER,DNP3,REPORT,RTU_TO_SCADA,268,CTRL_load_load_033_kvar_multiplier,1.0,pu,GOOD,DELIVERED,0,0,,,,,DISCOVERED,ATTACK,reconnaissance,T0846
reconnaissance_ieee123-atk269,reconnaissance_ieee123,2010-07-01T00:00:00,ieee123,RTU_ieee123,SCADA_MASTER,DNP3,REPORT,RTU_TO_SCADA,269,CTRL_load_load_033_kw_multiplier,1.0,pu,GOOD,DELIVERED,0,0,,,,,DISCOVERED,ATTACK,reconnaissance,T0846
reconnaissance_ieee123-atk027,reconnaissance_ieee123,2010-07-01T00:00:00,ieee123,RTU_ieee123,SCADA_MASTER,DNP3,REPORT,RTU_TO_SCADA,27,BUS_151_VPU_AB,0.9018797324617549,pu,GOOD,DELIVERED,0,0,,,,,DISCOVERED,ATTACK,reconnaissance,T0846
reconnaissance_ieee123-atk270,reconnaissance_ieee123,2010-07-01T00:00:00,ieee123,RTU_ieee123,SCADA_MASTER,DNP3,REPORT,RTU_TO_SCADA,270,CTRL_load_load_034_kvar_multiplier,1.0,pu,GOOD,DELIVERED,0,0,,,,,DISCOVERED,ATTACK,reconnaissance,T0846
reconnaissance_ieee123-atk271,reconnaissance_ieee123,2010-07-01T00:00:00,ieee123,RTU_ieee123,SCADA_MASTER,DNP3,REPORT,RTU_TO_SCADA,271,CTRL_load_load_034_kw_multiplier,1.0,pu,GOOD,DELIVERED,0,0,,,,,DISCOVERED,ATTACK,reconnaissance,T0846
reconnaissance_ieee123-atk272,reconnaissance_ieee123,2010-07-01T00:00:00,ieee123,RTU_ieee123,SCADA_MASTER,DNP3,REPORT,RTU_TO_SCADA,272,CTRL_load_load_035_kvar_multiplier,1.0,pu,GOOD,DELIVERED,0,0,,,,,DISCOVERED,ATTACK,reconnaissance,T0846
reconnaissance_ieee123-atk273,reconnaissance_ieee123,2010-07-01T00:00:00,ieee123,RTU_ieee123,SCADA_MASTER,DNP3,REPORT,RTU_TO_SCADA,273,CTRL_load_load_035_kw_multiplier,1.0,pu,GOOD,DELIVERED,0,0,,,,,DISCOVERED,ATTACK,reconnaissance,T0846
reconnaissance_ieee123-atk274,reconnaissance_ieee123,2010-07-01T00:00:00,ieee123,RTU_ieee123,SCADA_MASTER,DNP3,REPORT,RTU_TO_SCADA,274,CTRL_load_load_036_kvar_multiplier,1.0,pu,GOOD,DELIVERED,0,0,,,,,DISCOVERED,ATTACK,reconnaissance,T0846
reconnaissance_ieee123-atk275,reconnaissance_ieee123,2010-07-01T00:00:00,ieee123,RTU_ieee123,SCADA_MASTER,DNP3,REPORT,RTU_TO_SCADA,275,CTRL_load_load_036_kw_multiplier,1.0,pu,GOOD,DELIVERED,0,0,,,,,DISCOVERED,ATTACK,reconnaissance,T0846
reconnaissance_ieee123-atk276,reconnaissance_ieee123,2010-07-01T00:00:00,ieee123,RTU_ieee123,SCADA_MASTER,DNP3,REPORT,RTU_TO_SCADA,276,CTRL_load_load_037_kvar_multiplier,1.0,pu,GOOD,DELIVERED,0,0,,,,,DISCOVERED,ATTACK,reconnaissance,T0846
reconnaissance_ieee123-atk277,reconnaissance_ieee123,2010-07-01T00:00:00,ieee123,RTU_ieee123,SCADA_MASTER,DNP3,REPORT,RTU_TO_SCADA,277,CTRL_load_load_037_kw_multiplier,1.0,pu,GOOD,DELIVERED,0,0,,,,,DISCOVERED,ATTACK,reconnaissance,T0846
reconnaissance_ieee123-atk278,reconnaissance_ieee123,2010-07-01T00:00:00,ieee123,RTU_ieee123,SCADA_MASTER,DNP3,REPORT,RTU_TO_SCADA,278,CTRL_load_load_038_kvar_multiplier,1.0,pu,GOOD,DELIVERED,0,0,,,,,DISCOVERED,ATTACK,reconnaissance,T0846
reconnaissance_ieee123-atk279,reconnaissance_ieee123,2010-07-01T00:00:00,ieee123,RTU_ieee123,SCADA_MASTER,DNP3,REPORT,RTU_TO_SCADA,279,CTRL_load_load_038_kw_multiplier,1.0,pu,GOOD,DELIVERED,0,0,,,,,DISCOVERED,ATTACK,reconnaissance,T0846
reconnaissance_ieee123-atk028,reconnaissance_ieee123,2010-07-01T00:00:00,ieee123,RTU_ieee123,SCADA_MASTER,DNP3,REPORT,RTU_TO_SCADA,28,BUS_151_VPU_BC,0.9559342771287612,pu,GOOD,DELIVERED,0,0,,,,,DISCOVERED,ATTACK,reconnaissance,T0846
reconnaissance_ieee123-atk280,reconnaissance_ieee123,2010-07-01T00:00:00,ieee123,RTU_ieee123,SCADA_MASTER,DNP3,REPORT,RTU_TO_SCADA,280,CTRL_load_load_039_kvar_multiplier,1.0,pu,GOOD,DELIVERED,0,0,,,,,DISCOVERED,ATTACK,reconnaissance,T0846
reconnaissance_ieee123-atk281,reconnaissance_ieee123,2010-07-01T00:00:00,ieee123,RTU_ieee123,SCADA_MASTER,DNP3,REPORT,RTU_TO_SCADA,281,CTRL_load_load_039_kw_multiplier,1.0,pu,GOOD,DELIVERED,0,0,,,,,DISCOVERED,ATTACK,reconnaissance,T0846
reconnaissance_ieee123-atk282,reconnaissance_ieee123,2010-07-01T00:00:00,ieee123,RTU_ieee123,SCADA_MASTER,DNP3,REPORT,RTU_TO_SCADA,282,CTRL_load_load_040_kvar_multiplier,1.0,pu,GOOD,DELIVERED,0,0,,,,,DISCOVERED,ATTACK,reconnaissance,T0846
reconnaissance_ieee123-atk283,reconnaissance_ieee123,2010-07-01T00:00:00,ieee123,RTU_ieee123,SCADA_MASTER,DNP3,REPORT,RTU_TO_SCADA,283,CTRL_load_load_040_kw_multiplier,1.0,pu,GOOD,DELIVERED,0,0,,,,,DISCOVERED,ATTACK,reconnaissance,T0846
reconnaissance_ieee123-atk284,reconnaissance_ieee123,2010-07-01T00:00:00,ieee123,RTU_ieee123,SCADA_MASTER,DNP3,REPORT,RTU_TO_SCADA,284,CTRL_load_load_041_kvar_multiplier,1.0,pu,GOOD,DELIVERED,0,0,,,,,DISCOVERED,ATTACK,reconnaissance,T0846
reconnaissance_ieee123-atk285,reconnaissance_ieee123,2010-07-01T00:00:00,ieee123,RTU_ieee123,SCADA_MASTER,DNP3,REPORT,RTU_TO_SCADA,285,CTRL_load_load_041_kw_multiplier,1.0,pu,GOOD,DELIVERED,0,0,,,,,DISCOVERED,ATTACK,reconnaissance,T0846
reconnaissance_ieee123-atk286,reconnaissance_ieee123,2010-07-01T00:00:00,ieee123,RTU_ieee123,SCADA_MASTER,DNP3,REPORT,RTU_TO_SCADA,286,CTRL_load_load_042_kvar_multiplier,1.0,pu,GOOD,DELIVERED,0,0,,,,,DISCOVERED,ATTACK,reconnaissance,T0846
reconnaissance_ieee123-atk287,reconnaissance_ieee123,2010-07-01T00:00:00,ieee123,RTU_ieee123,SCADA_MASTER,DNP3,REPORT,RTU_TO_SCADA,287,CTRL_load_load_042_kw_multiplier,1.0,pu,GOOD,DELIVERED,0,0,,,,,DISCOVERED,ATTACK,reconnaissance,T0846
reconnaissance_ieee123-atk288,reconnaissance_ieee123,2010-07-01T00:00:00,ieee123,RTU_ieee123,SCADA_MASTER,DNP3,REPORT,RTU_TO_SCADA,288,CTRL_load_load_043_kvar_multiplier,1.0,pu,GOOD,DELIVERED,0,0,,,,,DISCOVERED,ATTACK,reconnaissance,T0846
reconnaissance_ieee123-atk289,reconnaissance_ieee123,2010-07-01T00:00:00,ieee123,RTU_ieee123,SCADA_MASTER,DNP3,REPORT,RTU_TO_SCADA,289,CTRL_load_load_043_kw_multiplier,1.0,pu,GOOD,DELIVERED,0,0,,,,,DISCOVERED,ATTACK,reconnaissance,T0846
reconnaissance_ieee123-atk029,reconnaissance_ieee123,2010-07-01T00:00:00,ieee123,RTU_ieee123,SCADA_MASTER,DNP3,REPORT,RTU_TO_SCADA,29,BUS_151_VPU_CA,0.9287937966695076,pu,GOOD,DELIVERED,0,0,,,,,DISCOVERED,ATTACK,reconnaissance,T0846
reconnaissance_ieee123-atk290,reconnaissance_ieee123,2010-07-01T00:00:00,ieee123,RTU_ieee123,SCADA_MASTER,DNP3,REPORT,RTU_TO_SCADA,290,CTRL_load_load_044_kvar_multiplier,1.0,pu,GOOD,DELIVERED,0,0,,,,,DISCOVERED,ATTACK,reconnaissance,T0846
reconnaissance_ieee123-atk291,reconnaissance_ieee123,2010-07-01T00:00:00,ieee123,RTU_ieee123,SCADA_MASTER,DNP3,REPORT,RTU_TO_SCADA,291,CTRL_load_load_044_kw_multiplier,1.0,pu,GOOD,DELIVERED,0,0,,,,,DISCOVERED,ATTACK,reconnaissance,T0846
reconnaissance_ieee123-atk292,reconnaissance_ieee123,2010-07-01T00:00:00,ieee123,RTU_ieee123,SCADA_MASTER,DNP3,REPORT,RTU_TO_SCADA,292,CTRL_load_load_045_kvar_multiplier,1.0,pu,GOOD,DELIVERED,0,0,,,,,DISCOVERED,ATTACK,reconnaissance,T0846
reconnaissance_ieee123-atk293,reconnaissance_ieee123,2010-07-01T00:00:00,ieee123,RTU_ieee123,SCADA_MASTER,DNP3,REPORT,RTU_TO_SCADA,293,CTRL_load_load_045_kw_multiplier,1.0,pu,GOOD,DELIVERED,0,0,,,,,DISCOVERED,ATTACK,reconnaissance,T0846
reconnaissance_ieee123-atk294,reconnaissance_ieee123,2010-07-01T00:00:00,ieee123,RTU_ieee123,SCADA_MASTER,DNP3,REPORT,RTU_TO_SCADA,294,CTRL_load_load_046_kvar_multiplier,1.0,pu,GOOD,DELIVERED,0,0,,,,,DISCOVERED,ATTACK,reconnaissance,T0846
reconnaissance_ieee123-atk295,reconnaissance_ieee123,2010-07-01T00:00:00,ieee123,RTU_ieee123,SCADA_MASTER,DNP3,REPORT,RTU_TO_SCADA,295,CTRL_load_load_046_kw_multiplier,1.0,pu,GOOD,DELIVERED,0,0,,,,,DISCOVERED,ATTACK,reconnaissance,T0846
reconnaissance_ieee123-atk296,reconnaissance_ieee123,2010-07-01T00:00:00,ieee123,RTU_ieee123,SCADA_MASTER,DNP3,REPORT,RTU_TO_SCADA,296,CTRL_load_load_047_kvar_multiplier,1.0,pu,GOOD,DELIVERED,0,0,,,,,DISCOVERED,ATTACK,reconnaissance,T0846
reconnaissance_ieee123-atk297,reconnaissance_ieee123,2010-07-01T00:00:00,ieee123,RTU_ieee123,SCADA_MASTER,DNP3,REPORT,RTU_TO_SCADA,297,CTRL_load_load_047_kw_multiplier,1.0,pu,GOOD,DELIVERED,0,0,,,,,DISCOVERED,ATTACK,reconnaissance,T0846
reconnaissance_ieee123-atk298,reconnaissance_ieee123,2010-07-01T00:00:00,ieee123,RTU_ieee123,SCADA_MASTER,DNP3,REPORT,RTU_TO_SCADA,298,CTRL_load_load_048_kvar_multiplier,1.0,pu,GOOD,DELIVERED,0,0,,,,,DISCOVERED,ATTACK,reconnaissance,T0846
reconnaissance_ieee123-atk299,reconnaissance_ieee123,2010-07-01T00:00:00,ieee123,RTU_ieee123,SCADA_MASTER,DNP3,REPORT,RTU_TO_SCADA,299,CTRL_load_load_048_kw_multiplier,1.0,pu,GOOD,DELIVERED,0,0,,,,,DISCOVERED,ATTACK,reconnaissance,T0846
reconnaissance_ieee123-atk003,reconnaissance_ieee123,2010-07-01T00:00:00,ieee123,RTU_ieee123,SCADA_MASTER,DNP3,REPORT,RTU_TO_SCADA,3,BUS_100_VPU_AB,0.867115666857324,pu,GOOD,DELIVERED,0,0,,,,,DISCOVERED,ATTACK,reconnaissance,T0846
reconnaissance_ieee123-atk030,reconnaissance_ieee123,2010-07-01T00:00:00,ieee123,RTU_ieee123,SCADA_MASTER,DNP3,REPORT,RTU_TO_SCADA,30,BUS_152_VPU_AB,0.9067161504258717,pu,GOOD,DELIVERED,0,0,,,,,DISCOVERED,ATTACK,reconnaissance,T0846
reconnaissance_ieee123-atk300,reconnaissance_ieee123,2010-07-01T00:00:00,ieee123,RTU_ieee123,SCADA_MASTER,DNP3,REPORT,RTU_TO_SCADA,300,CTRL_load_load_049_kvar_multiplier,1.0,pu,GOOD,DELIVERED,0,0,,,,,DISCOVERED,ATTACK,reconnaissance,T0846
reconnaissance_ieee123-atk301,reconnaissance_ieee123,2010-07-01T00:00:00,ieee123,RTU_ieee123,SCADA_MASTER,DNP3,REPORT,RTU_TO_SCADA,301,CTRL_load_load_049_kw_multiplier,1.0,pu,GOOD,DELIVERED,0,0,,,,,DISCOVERED,ATTACK,reconnaissance,T0846
reconnaissance_ieee123-atk302,reconnaissance_ieee123,2010-07-01T00:00:00,ieee123,RTU_ieee123,SCADA_MASTER,DNP3,REPORT,RTU_TO_SCADA,302,CTRL_load_load_050_kvar_multiplier,1.0,pu,GOOD,DELIVERED,0,0,,,,,DISCOVERED,ATTACK,reconnaissance,T0846
reconnaissance_ieee123-atk303,reconnaissance_ieee123,2010-07-01T00:00:00,ieee123,RTU_ieee123,SCADA_MASTER,DNP3,REPORT,RTU_TO_SCADA,303,CTRL_load_load_050_kw_multiplier,1.0,pu,GOOD,DELIVERED,0,0,,,,,DISCOVERED,ATTACK,reconnaissance,T0846
reconnaissance_ieee123-atk304,reconnaissance_ieee123,2010-07-01T00:00:00,ieee123,RTU_ieee123,SCADA_MASTER,DNP3,REPORT,RTU_TO_SCADA,304,CTRL_load_load_051_kvar_multiplier,1.0,pu,GOOD,DELIVERED,0,0,,,,,DISCOVERED,ATTACK,reconnaissance,T0846
reconnaissance_ieee123-atk305,reconnaissance_ieee123,2010-07-01T00:00:00,ieee123,RTU_ieee123,SCADA_MASTER,DNP3,REPORT,RTU_TO_SCADA,305,CTRL_load_load_051_kw_multiplier,1.0,pu,GOOD,DELIVERED,0,0,,,,,DISCOVERED,ATTACK,reconnaissance,T0846
reconnaissance_ieee123-atk306,reconnaissance_ieee123,2010-07-01T00:00:00,ieee123,RTU_ieee123,SCADA_MASTER,DNP3,REPORT,RTU_TO_SCADA,306,CTRL_load_load_052_kvar_multiplier,1.0,pu,GOOD,DELIVERED,0,0,,,,,DISCOVERED,ATTACK,reconnaissance,T0846
reconnaissance_ieee123-atk307,reconnaissance_ieee123,2010-07-01T00:00:00,ieee123,RTU_ieee123,SCADA_MASTER,DNP3,REPORT,RTU_TO_SCADA,307,CTRL_load_load_052_kw_multiplier,1.0,pu,GOOD,DELIVERED,0,0,,,,,DISCOVERED,ATTACK,reconnaissance,T0846
reconnaissance_ieee123-atk308,reconnaissance_ieee123,2010-07-01T00:00:00,ieee123,RTU_ieee123,SCADA_MASTER,DNP3,REPORT,RTU_TO_SCADA,308,CTRL_load_load_053_kvar_multiplier,1.0,pu,GOOD,DELIVERED,0,0,,,,,DISCOVERED,ATTACK,reconnaissance,T0846
reconnaissance_ieee123-atk309,reconnaissance_ieee123,2010-07-01T00:00:00,ieee123,RTU_ieee123,SCADA_MASTER,DNP3,REPORT,RTU_TO_SCADA,309,CTRL_load_load_053_kw_multiplier,1.0,pu,GOOD,DELIVERED,0,0,,,,,DISCOVERED,ATTACK,reconnaissance,T0846
reconnaissance_ieee123-atk031,reconnaissance_ieee123,2010-07-01T00:00:00,ieee123,RTU_ieee123,SCADA_MASTER,DNP3,REPORT,RTU_TO_SCADA,31,BUS_152_VPU_BC,0.9589945371995303,pu,GOOD,DELIVERED,0,0,,,,,DISCOVERED,ATTACK,reconnaissance,T0846
reconnaissance_ieee123-atk310,reconnaissance_ieee123,2010-07-01T00:00:00,ieee123,RTU_ieee123,SCADA_MASTER,DNP3,REPORT,RTU_TO_SCADA,310,CTRL_load_load_054_kvar_multiplier,1.0,pu,GOOD,DELIVERED,0,0,,,,,DISCOVERED,ATTACK,reconnaissance,T0846
reconnaissance_ieee123-atk311,reconnaissance_ieee123,2010-07-01T00:00:00,ieee123,RTU_ieee123,SCADA_MASTER,DNP3,REPORT,RTU_TO_SCADA,311,CTRL_load_load_054_kw_multiplier,1.0,pu,GOOD,DELIVERED,0,0,,,,,DISCOVERED,ATTACK,reconnaissance,T0846
reconnaissance_ieee123-atk312,reconnaissance_ieee123,2010-07-01T00:00:00,ieee123,RTU_ieee123,SCADA_MASTER,DNP3,REPORT,RTU_TO_SCADA,312,CTRL_load_load_055_kvar_multiplier,1.0,pu,GOOD,DELIVERED,0,0,,,,,DISCOVERED,ATTACK,reconnaissance,T0846
reconnaissance_ieee123-atk313,reconnaissance_ieee123,2010-07-01T00:00:00,ieee123,RTU_ieee123,SCADA_MASTER,DNP3,REPORT,RTU_TO_SCADA,313,CTRL_load_load_055_kw_multiplier,1.0,pu,GOOD,DELIVERED,0,0,,,,,DISCOVERED,ATTACK,reconnaissance,T0846
reconnaissance_ieee123-atk314,reconnaissance_ieee123,2010-07-01T00:00:00,ieee123,RTU_ieee123,SCADA_MASTER,DNP3,REPORT,RTU_TO_SCADA,314,CTRL_load_load_056_kvar_multiplier,1.0,pu,GOOD,DELIVERED,0,0,,,,,DISCOVERED,ATTACK,reconnaissance,T0846
reconnaissance_ieee123-atk315,reconnaissance_ieee123,2010-07-01T00:00:00,ieee123,RTU_ieee123,SCADA_MASTER,DNP3,REPORT,RTU_TO_SCADA,315,CTRL_load_load_056_kw_multiplier,1.0,pu,GOOD,DELIVERED,0,0,,,,,DISCOVERED,ATTACK,reconnaissance,T0846
reconnaissance_ieee123-atk316,reconnaissance_ieee123,2010-07-01T00:00:00,ieee123,RTU_ieee123,SCADA_MASTER,DNP3,REPORT,RTU_TO_SCADA,316,CTRL_load_load_057_kvar_multiplier,1.0,pu,GOOD,DELIVERED,0,0,,,,,DISCOVERED,ATTACK,reconnaissance,T0846
reconnaissance_ieee123-atk317,reconnaissance_ieee123,2010-07-01T00:00:00,ieee123,RTU_ieee123,SCADA_MASTER,DNP3,REPORT,RTU_TO_SCADA,317,CTRL_load_load_057_kw_multiplier,1.0,pu,GOOD,DELIVERED,0,0,,,,,DISCOVERED,ATTACK,reconnaissance,T0846
reconnaissance_ieee123-atk318,reconnaissance_ieee123,2010-07-01T00:00:00,ieee123,RTU_ieee123,SCADA_MASTER,DNP3,REPORT,RTU_TO_SCADA,318,CTRL_load_load_058_kvar_multiplier,1.0,pu,GOOD,DELIVERED,0,0,,,,,DISCOVERED,ATTACK,reconnaissance,T0846
reconnaissance_ieee123-atk319,reconnaissance_ieee123,2010-07-01T00:00:00,ieee123,RTU_ieee123,SCADA_MASTER,DNP3,REPORT,RTU_TO_SCADA,319,CTRL_load_load_058_kw_multiplier,1.0,pu,GOOD,DELIVERED,0,0,,,,,DISCOVERED,ATTACK,reconnaissance,T0846
reconnaissance_ieee123-atk032,reconnaissance_ieee123,2010-07-01T00:00:00,ieee123,RTU_ieee123,SCADA_MASTER,DNP3,REPORT,RTU_TO_SCADA,32,BUS_152_VPU_CA,0.9339852014189978,pu,GOOD,DELIVERED,0,0,,,,,DISCOVERED,ATTACK,reconnaissance,T0846
reconnaissance_ieee123-atk320,reconnaissance_ieee123,2010-07-01T00:00:00,ieee123,RTU_ieee123,SCADA_MASTER,DNP3,REPORT,RTU_TO_SCADA,320,CTRL_load_load_059_kvar_multiplier,1.0,pu,GOOD,DELIVERED,0,0,,,,,DISCOVERED,ATTACK,reconnaissance,T0846
reconnaissance_ieee123-atk321,reconnaissance_ieee123,2010-07-01T00:00:00,ieee123,RTU_ieee123,SCADA_MASTER,DNP3,REPORT,RTU_TO_SCADA,321,CTRL_load_load_059_kw_multiplier,1.0,pu,GOOD,DELIVERED,0,0,,,,,DISCOVERED,ATTACK,reconnaissance,T0846
reconnaissance_ieee123-atk322,reconnaissance_ieee123,2010-07-01T00:00:00,ieee123,RTU_ieee123,SCADA_MASTER,DNP3,REPORT,RTU_TO_SCADA,322,CTRL_load_load_060_kvar_multiplier,1.0,pu,GOOD,DELIVERED,0,0,,,,,DISCOVERED,ATTACK,reconnaissance,T0846
reconnaissance_ieee123-atk323,reconnaissance_ieee123,2010-07-01T00:00:00,ieee123,RTU_ieee123,SCADA_MASTER,DNP3,REPORT,RTU_TO_SCADA,323,CTRL_load_load_060_kw_multiplier,1.0,pu,GOOD,DELIVERED,0,0,,,,,DISCOVERED,ATTACK,reconnaissance,T0846
reconnaissance_ieee123-atk324,reconnaissance_ieee123,2010-07-01T00:00:00,ieee123,RTU_ieee123,SCADA_MASTER,DNP3,REPORT,RTU_TO_SCADA,324,CTRL_load_load_061_kvar_multiplier,1.0,pu,GOOD,DELIVERED,0,0,,,,,DISCOVERED,ATTACK,reconnaissance,T0846
reconnaissance_ieee123-atk325,reconnaissance_ieee123,2010-07-01T00:00:00,ieee123,RTU_ieee123,SCADA_MASTER,DNP3,REPORT,RTU_TO_SCADA,325,CTRL_load_load_061_kw_multiplier,1.0,pu,GOOD,DELIVERED,0,0,,,,,DISCOVERED,ATTACK,reconnaissance,T0846
reconnaissance_ieee123-atk326,reconnaissance_ieee123,2010-07-01T00:00:00,ieee123,RTU_ieee123,SCADA_MASTER,DNP3,REPORT,RTU_TO_SCADA,326,CTRL_load_load_062_kvar_multiplier,1.0,pu,GOOD,DELIVERED,0,0,,,,,DISCOVERED,ATTACK,reconnaissance,T0846
reconnaissance_ieee123-atk327,reconnaissance_ieee123,2010-07-01T00:00:00,ieee123,RTU_ieee123,SCADA_MASTER,DNP3,REPORT,RTU_TO_SCADA,327,CTRL_load_load_062_kw_multiplier,1.0,pu,GOOD,DELIVERED,0,0,,,,,DISCOVERED,ATTACK,reconnaissance,T0846
reconnaissance_ieee123-atk328,reconnaissance_ieee123,2010-07-01T00:00:00,ieee123,RTU_ieee123,SCADA_MASTER,DNP3,REPORT,RTU_TO_SCADA,328,CTRL_load_load_063_kvar_multiplier,1.0,pu,GOOD,DELIVERED,0,0,,,,,DISCOVERED,ATTACK,reconnaissance,T0846
reconnaissance_ieee123-atk329,reconnaissance_ieee123,2010-07-01T00:00:00,ieee123,RTU_ieee123,SCADA_MASTER,DNP3,REPORT,RTU_TO_SCADA,329,CTRL_load_load_063_kw_multiplier,1.0,pu,GOOD,DELIVERED,0,0,,,,,DISCOVERED,ATTACK,reconnaissance,T0846
reconnaissance_ieee123-atk033,reconnaissance_ieee123,2010-07-01T00:00:00,ieee123,RTU_ieee123,SCADA_MASTER,DNP3,REPORT,RTU_TO_SCADA,33,BUS_160_VPU_AB,0.8733772416396139,pu,GOOD,DELIVERED,0,0,,,,,DISCOVERED,ATTACK,reconnaissance,T0846
reconnaissance_ieee123-atk330,reconnaissance_ieee123,2010-07-01T00:00:00,ieee123,RTU_ieee123,SCADA_MASTER,DNP3,REPORT,RTU_TO_SCADA,330,CTRL_load_load_064_kvar_multiplier,1.0,pu,GOOD,DELIVERED,0,0,,,,,DISCOVERED,ATTACK,reconnaissance,T0846
reconnaissance_ieee123-atk331,reconnaissance_ieee123,2010-07-01T00:00:00,ieee123,RTU_ieee123,SCADA_MASTER,DNP3,REPORT,RTU_TO_SCADA,331,CTRL_load_load_064_kw_multiplier,1.0,pu,GOOD,DELIVERED,0,0,,,,,DISCOVERED,ATTACK,reconnaissance,T0846
reconnaissance_ieee123-atk332,reconnaissance_ieee123,2010-07-01T00:00:00,ieee123,RTU_ieee123,SCADA_MASTER,DNP3,REPORT,RTU_TO_SCADA,332,CTRL_load_load_065_kvar_multiplier,1.0,pu,GOOD,DELIVERED,0,0,,,,,DISCOVERED,ATTACK,reconnaissance,T0846
reconnaissance_ieee123-atk333,reconnaissance_ieee123,2010-07-01T00:00:00,ieee123,RTU_ieee123,SCADA_MASTER,DNP3,REPORT,RTU_TO_SCADA,333,CTRL_load_load_065_kw_multiplier,1.0,pu,GOOD,DELIVERED,0,0,,,,,DISCOVERED,ATTACK,reconnaissance,T0846
reconnaissance_ieee123-atk334,reconnaissance_ieee123,2010-07-01T00:00:00,ieee123,RTU_ieee123,SCADA_MASTER,DNP3,REPORT,RTU_TO_SCADA,334,CTRL_load_load_066_kvar_multiplier,1.0,pu,GOOD,DELIVERED,0,0,,,,,DISCOVERED,ATTACK,reconnaissance,T0846
reconnaissance_ieee123-atk335,reconnaissance_ieee123,2010-07-01T00:00:00,ieee123,RTU_ieee123,SCADA_MASTER,DNP3,REPORT,RTU_TO_SCADA,335,CTRL_load_load_066_kw_multiplier,1.0,pu,GOOD,DELIVERED,0,0,,,,,DISCOVERED,ATTACK,reconnaissance,T0846
reconnaissance_ieee123-atk336,reconnaissance_ieee123,2010-07-01T00:00:00,ieee123,RTU_ieee123,SCADA_MASTER,DNP3,REPORT,RTU_TO_SCADA,336,CTRL_load_load_067_kvar_multiplier,1.0,pu,GOOD,DELIVERED,0,0,,,,,DISCOVERED,ATTACK,reconnaissance,T0846
reconnaissance_ieee123-atk337,reconnaissance_ieee123,2010-07-01T00:00:00,ieee123,RTU_ieee123,SCADA_MASTER,DNP3,REPORT,RTU_TO_SCADA,337,CTRL_load_load_067_kw_multiplier,1.0,pu,GOOD,DELIVERED,0,0,,,,,DISCOVERED,ATTACK,reconnaissance,T0846
reconnaissance_ieee123-atk338,reconnaissance_ieee123,2010-07-01T00:00:00,ieee123,RTU_ieee123,SCADA_MASTER,DNP3,REPORT,RTU_TO_SCADA,338,CTRL_load_load_068_kvar_multiplier,1.0,pu,GOOD,DELIVERED,0,0,,,,,DISCOVERED,ATTACK,reconnaissance,T0846
reconnaissance_ieee123-atk339,reconnaissance_ieee123,2010-07-01T00:00:00,ieee123,RTU_ieee123,SCADA_MASTER,DNP3,REPORT,RTU_TO_SCADA,339,CTRL_load_load_068_kw_multiplier,1.0,pu,GOOD,DELIVERED,0,0,,,,,DISCOVERED,ATTACK,reconnaissance,T0846
reconnaissance_ieee123-atk034,reconnaissance_ieee123,2010-07-01T00:00:00,ieee123,RTU_ieee123,SCADA_MASTER,DNP3,REPORT,RTU_TO_SCADA,34,BUS_160_VPU_BC,0.9393313168885677,pu,GOOD,DELIVERED,0,0,,,,,DISCOVERED,ATTACK,reconnaissance,T0846
reconnaissance_ieee123-atk340,reconnaissance_ieee123,2010-07-01T00:00:00,ieee123,RTU_ieee123,SCADA_MASTER,DNP3,REPORT,RTU_TO_SCADA,340,CTRL_load_load_069_kvar_multiplier,1.0,pu,GOOD,DELIVERED,0,0,,,,,DISCOVERED,ATTACK,reconnaissance,T0846
reconnaissance_ieee123-atk341,reconnaissance_ieee123,2010-07-01T00:00:00,ieee123,RTU_ieee123,SCADA_MASTER,DNP3,REPORT,RTU_TO_SCADA,341,CTRL_load_load_069_kw_multiplier,1.0,pu,GOOD,DELIVERED,0,0,,,,,DISCOVERED,ATTACK,reconnaissance,T0846
reconnaissance_ieee123-atk342,reconnaissance_ieee123,2010-07-01T00:00:00,ieee123,RTU_ieee123,SCADA_MASTER,DNP3,REPORT,RTU_TO_SCADA,342,CTRL_load_load_070_kvar_multiplier,1.0,pu,GOOD,DELIVERED,0,0,,,,,DISCOVERED,ATTACK,reconnaissance,T0846
reconnaissance_ieee123-atk343,reconnaissance_ieee123,2010-07-01T00:00:00,ieee123,RTU_ieee123,SCADA_MASTER,DNP3,REPORT,RTU_TO_SCADA,343,CTRL_load_load_070_kw_multiplier,1.0,pu,GOOD,DELIVERED,0,0,,,,,DISCOVERED,ATTACK,reconnaissance,T0846
reconnaissance_ieee123-atk344,reconnaissance_ieee123,2010-07-01T00:00:00,ieee123,RTU_ieee123,SCADA_MASTER,DNP3,REPORT,RTU_TO_SCADA,344,CTRL_load_load_071_kvar_multiplier,1.0,pu,GOOD,DELIVERED,0,0,,,,,DISCOVERED,ATTACK,reconnaissance,T0846
reconnaissance_ieee123-atk345,reconnaissance_ieee123,2010-07-01T00:00:00,ieee123,RTU_ieee123,SCADA_MASTER,DNP3,REPORT,RTU_TO_SCADA,345,CTRL_load_load_071_kw_multiplier,1.0,pu,GOOD,DELIVERED,0,0,,,,,DISCOVERED,ATTACK,reconnaissance,T0846
reconnaissance_ieee123-atk346,reconnaissance_ieee123,2010-07-01T00:00:00,ieee123,RTU_ieee123,SCADA_MASTER,DNP3,REPORT,RTU_TO_SCADA,346,CTRL_load_load_072_kvar_multiplier,1.0,pu,GOOD,DELIVERED,0,0,,,,,DISCOVERED,ATTACK,reconnaissance,T0846
reconnaissance_ieee123-atk347,reconnaissance_ieee123,2010-07-01T00:00:00,ieee123,RTU_ieee123,SCADA_MASTER,DNP3,REPORT,RTU_TO_SCADA,347,CTRL_load_load_072_kw_multiplier,1.0,pu,GOOD,DELIVERED,0,0,,,,,DISCOVERED,ATTACK,reconnaissance,T0846
reconnaissance_ieee123-atk348,reconnaissance_ieee123,2010-07-01T00:00:00,ieee123,RTU_ieee123,SCADA_MASTER,DNP3,REPORT,RTU_TO_SCADA,348,CTRL_load_load_073_kvar_multiplier,1.0,pu,GOOD,DELIVERED,0,0,,,,,DISCOVERED,ATTACK,reconnaissance,T0846
reconnaissance_ieee123-atk349,reconnaissance_ieee123,2010-07-01T00:00:00,ieee123,RTU_ieee123,SCADA_MASTER,DNP3,REPORT,RTU_TO_SCADA,349,CTRL_load_load_073_kw_multiplier,1.0,pu,GOOD,DELIVERED,0,0,,,,,DISCOVERED,ATTACK,reconnaissance,T0846
reconnaissance_ieee123-atk035,reconnaissance_ieee123,2010-07-01T00:00:00,ieee123,RTU_ieee123,SCADA_MASTER,DNP3,REPORT,RTU_TO_SCADA,35,BUS_160_VPU_CA,0.9113832062954255,pu,GOOD,DELIVERED,0,0,,,,,DISCOVERED,ATTACK,reconnaissance,T0846
reconnaissance_ieee123-atk350,reconnaissance_ieee123,2010-07-01T00:00:00,ieee123,RTU_ieee123,SCADA_MASTER,DNP3,REPORT,RTU_TO_SCADA,350,CTRL_load_load_074_kvar_multiplier,1.0,pu,GOOD,DELIVERED,0,0,,,,,DISCOVERED,ATTACK,reconnaissance,T0846
reconnaissance_ieee123-atk351,reconnaissance_ieee123,2010-07-01T00:00:00,ieee123,RTU_ieee123,SCADA_MASTER,DNP3,REPORT,RTU_TO_SCADA,351,CTRL_load_load_074_kw_multiplier,1.0,pu,GOOD,DELIVERED,0,0,,,,,DISCOVERED,ATTACK,reconnaissance,T0846
reconnaissance_ieee123-atk352,reconnaissance_ieee123,2010-07-01T00:00:00,ieee123,RTU_ieee123,SCADA_MASTER,DNP3,REPORT,RTU_TO_SCADA,352,CTRL_load_load_075_kvar_multiplier,1.0,pu,GOOD,DELIVERED,0,0,,,,,DISCOVERED,ATTACK,reconnaissance,T0846
reconnaissance_ieee123-atk353,reconnaissance_ieee123,2010-07-01T00:00:00,ieee123,RTU_ieee123,SCADA_MASTER,DNP3,REPORT,RTU_TO_SCADA,353,CTRL_load_load_075_kw_multiplier,1.0,pu,GOOD,DELIVERED,0,0,,,,,DISCOVERED,ATTACK,reconnaissance,T0846
reconnaissance_ieee123-atk354,reconnaissance_ieee123,2010-07-01T00:00:00,ieee123,RTU_ieee123,SCADA_MASTER,DNP3,REPORT,RTU_TO_SCADA,354,CTRL_load_load_076_kvar_multiplier,1.0,pu,GOOD,DELIVERED,0,0,,,,,DISCOVERED,ATTACK,reconnaissance,T0846
reconnaissance_ieee123-atk355,reconnaissance_ieee123,2010-07-01T00:00:00,ieee123,RTU_ieee123,SCADA_MASTER,DNP3,REPORT,RTU_TO_SCADA,355,CTRL_load_load_076_kw_multiplier,1.0,pu,GOOD,DELIVERED,0,0,,,,,DISCOVERED,ATTACK,reconnaissance,T0846
reconnaissance_ieee123-atk356,reconnaissance_ieee123,2010-07-01T00:00:00,ieee123,RTU_ieee123,SCADA_MASTER,DNP3,REPORT,RTU_TO_SCADA,356,CTRL_load_load_077_kvar_multiplier,1.0,pu,GOOD,DELIVERED,0,0,,,,,DISCOVERED,ATTACK,reconnaissance,T0846
reconnaissance_ieee123-atk357,reconnaissance_ieee123,2010-07-01T00:00:00,ieee123,RTU_ieee123,SCADA_MASTER,DNP3,REPORT,RTU_TO_SCADA,357,CTRL_load_load_077_kw_multiplier,1.0,pu,GOOD,DELIVERED,0,0,,,,,DISCOVERED,ATTACK,reconnaissance,T0846
reconnaissance_ieee123-atk358,reconnaissance_ieee123,2010-07-01T00:00:00,ieee123,RTU_ieee123,SCADA_MASTER,DNP3,REPORT,RTU_TO_SCADA,358,CTRL_load_load_078_kvar_multiplier,1.0,pu,GOOD,DELIVERED,0,0,,,,,DISCOVERED,ATTACK,reconnaissance,T0846
reconnaissance_ieee123-atk359,reconnaissance_ieee123,2010-07-01T00:00:00,ieee123,RTU_ieee123,SCADA_MASTER,DNP3,REPORT,RTU_TO_SCADA,359,CTRL_load_load_078_kw_multiplier,1.0,pu,GOOD,DELIVERED,0,0,,,,,DISCOVERED,ATTACK,reconnaissance,T0846
reconnaissance_ieee123-atk036,reconnaissance_ieee123,2010-07-01T00:00:00,ieee123,RTU_ieee123,SCADA_MASTER,DNP3,REPORT,RTU_TO_SCADA,36,BUS_18_VPU_AB,0.9034673105319454,pu,GOOD,DELIVERED,0,0,,,,,DISCOVERED,ATTACK,reconnaissance,T0846
reconnaissance_ieee123-atk360,reconnaissance_ieee123,2010-07-01T00:00:00,ieee123,RTU_ieee123,SCADA_MASTER,DNP3,REPORT,RTU_TO_SCADA,360,CTRL_load_load_079_kvar_multiplier,1.0,pu,GOOD,DELIVERED,0,0,,,,,DISCOVERED,ATTACK,reconnaissance,T0846
reconnaissance_ieee123-atk361,reconnaissance_ieee123,2010-07-01T00:00:00,ieee123,RTU_ieee123,SCADA_MASTER,DNP3,REPORT,RTU_TO_SCADA,361,CTRL_load_load_079_kw_multiplier,1.0,pu,GOOD,DELIVERED,0,0,,,,,DISCOVERED,ATTACK,reconnaissance,T0846
reconnaissance_ieee123-atk362,reconnaissance_ieee123,2010-07-01T00:00:00,ieee123,RTU_ieee123,SCADA_MASTER,DNP3,REPORT,RTU_TO_SCADA,362,CTRL_load_load_080_kvar_multiplier,1.0,pu,GOOD,DELIVERED,0,0,,,,,DISCOVERED,ATTACK,reconnaissance,T0846
reconnaissance_ieee123-atk363,reconnaissance_ieee123,2010-07-01T00:00:00,ieee123,RTU_ieee123,SCADA_MASTER,DNP3,REPORT,RTU_TO_SCADA,363,CTRL_load_load_080_kw_multiplier,1.0,pu,GOOD,DELIVERED,0,0,,,,,DISCOVERED,ATTACK,reconnaissance,T0846
reconnaissance_ieee123-atk364,reconnaissance_ieee123,2010-07-01T00:00:00,ieee123,RTU_ieee123,SCADA_MASTER,DNP3,REPORT,RTU_TO_SCADA,364,CTRL_load_load_081_kvar_multiplier,1.0,pu,GOOD,DELIVERED,0,0,,,,,DISCOVERED,ATTACK,reconnaissance,T0846
reconnaissance_ieee123-atk365,reconnaissance_ieee123,2010-07-01T00:00:00,ieee123,RTU_ieee123,SCADA_MASTER,DNP3,REPORT,RTU_TO_SCADA,365,CTRL_load_load_081_kw_multiplier,1.0,pu,GOOD,DELIVERED,0,0,,,,,DISCOVERED,ATTACK,reconnaissance,T0846
reconnaissance_ieee123-atk366,reconnaissance_ieee123,2010-07-01T00:00:00,ieee123,RTU_ieee123,SCADA_MASTER,DNP3,REPORT,RTU_TO_SCADA,366,CTRL_load_load_082_kvar_multiplier,1.0,pu,GOOD,DELIVERED,0,0,,,,,DISCOVERED,ATTACK,reconnaissance,T0846
reconnaissance_ieee123-atk367,reconnaissance_ieee123,2010-07-01T00:00:00,ieee123,RTU_ieee123,SCADA_MASTER,DNP3,REPORT,RTU_TO_SCADA,367,CTRL_load_load_082_kw_multiplier,1.0,pu,GOOD,DELIVERED,0,0,,,,,DISCOVERED,ATTACK,reconnaissance,T0846
reconnaissance_ieee123-atk368,reconnaissance_ieee123,2010-07-01T00:00:00,ieee123,RTU_ieee123,SCADA_MASTER,DNP3,REPORT,RTU_TO_SCADA,368,CTRL_load_load_083_kvar_multiplier,1.0,pu,GOOD,DELIVERED,0,0,,,,,DISCOVERED,ATTACK,reconnaissance,T0846
reconnaissance_ieee123-atk369,reconnaissance_ieee123,2010-07-01T00:00:00,ieee123,RTU_ieee123,SCADA_MASTER,DNP3,REPORT,RTU_TO_SCADA,369,CTRL_load_load_083_kw_multiplier,1.0,pu,GOOD,DELIVERED,0,0,,,,,DISCOVERED,ATTACK,reconnaissance,T0846
reconnaissance_ieee123-atk037,reconnaissance_ieee123,2010-07-01T00:00:00,ieee123,RTU_ieee123,SCADA_MASTER,DNP3,REPORT,RTU_TO_SCADA,37,BUS_18_VPU_BC,0.9569878806021263,pu,GOOD,DELIVERED,0,0,,,,,DISCOVERED,ATTACK,reconnaissance,T0846
reconnaissance_ieee123-atk370,reconnaissance_ieee123,2010-07-01T00:00:00,ieee123,RTU_ieee123,SCADA_MASTER,DNP3,REPORT,RTU_TO_SCADA,370,CTRL_load_load_084_kvar_multiplier,1.0,pu,GOOD,DELIVERED,0,0,,,,,DISCOVERED,ATTACK,reconnaissance,T0846
reconnaissance_ieee123-atk371,reconnaissance_ieee123,2010-07-01T00:00:00,ieee123,RTU_ieee123,SCADA_MASTER,DNP3,REPORT,RTU_TO_SCADA,371,CTRL_load_load_084_kw_multiplier,1.0,pu,GOOD,DELIVERED,0,0,,,,,DISCOVERED,ATTACK,reconnaissance,T0846
reconnaissance_ieee123-atk372,reconnaissance_ieee123,2010-07-01T00:00:00,ieee123,RTU_ieee123,SCADA_MASTER,DNP3,REPORT,RTU_TO_SCADA,372,CTRL_load_load_085_kvar_multiplier,1.0,pu,GOOD,DELIVERED,0,0,,,,,DISCOVERED,ATTACK,reconnaissance,T0846
reconnaissance_ieee123-atk373,reconnaissance_ieee123,2010-07-01T00:00:00,ieee123,RTU_ieee123,SCADA_MASTER,DNP3,REPORT,RTU_TO_SCADA,373,CTRL_load_load_085_kw_multiplier,1.0,pu,GOOD,DELIVERED,0,0,,,,,DISCOVERED,ATTACK,reconnaissance,T0846
reconnaissance_ieee123-atk374,reconnaissance_ieee123,2010-07-01T00:00:00,ieee123,RTU_ieee123,SCADA_MASTER,DNP3,REPORT,RTU_TO_SCADA,374,CTRL_regulator_regulator_001_tap_position,0.0,steps,GOOD,DELIVERED,0,0,,,,,DISCOVERED,ATTACK,reconnaissance,T0846
reconnaissance_ieee123-atk375,reconnaissance_ieee123,2010-07-01T00:00:00,ieee123,RTU_ieee123,SCADA_MASTER,DNP3,REPORT,RTU_TO_SCADA,375,CTRL_regulator_regulator_002_tap_position,0.0,steps,GOOD,DELIVERED,0,0,,,,,DISCOVERED,ATTACK,reconnaissance,T0846
reconnaissance_ieee123-atk376,reconnaissance_ieee123,2010-07-01T00:00:00,ieee123,RTU_ieee123,SCADA_MASTER,DNP3,REPORT,RTU_TO_SCADA,376,CTRL_regulator_regulator_003_tap_position,0.0,steps,GOOD,DELIVERED,0,0,,,,,DISCOVERED,ATTACK,reconnaissance,T0846
reconnaissance_ieee123-atk377,reconnaissance_ieee123,2010-07-01T00:00:00,ieee123,RTU_ieee123,SCADA_MASTER,DNP3,REPORT,RTU_TO_SCADA,377,CTRL_regulator_regulator_004_tap_position,0.0,steps,GOOD,DELIVERED,0,0,,,,,DISCOVERED,ATTACK,reconnaissance,T0846
reconnaissance_ieee123-atk378,reconnaissance_ieee123,2010-07-01T00:00:00,ieee123,RTU_ieee123,SCADA_MASTER,DNP3,REPORT,RTU_TO_SCADA,378,CURRENT_line_Line_l_100_450_A,0.002,A,GOOD,DELIVERED,0,0,,,,,DISCOVERED,ATTACK,reconnaissance,T0846
reconnaissance_ieee123-atk379,reconnaissance_ieee123,2010-07-01T00:00:00,ieee123,RTU_ieee123,SCADA_MASTER,DNP3,REPORT,RTU_TO_SCADA,379,CURRENT_line_Line_l_100_450_B,0.002,A,GOOD,DELIVERED,0,0,,,,,DISCOVERED,ATTACK,reconnaissance,T0846
reconnaissance_ieee123-atk038,reconnaissance_ieee123,2010-07-01T00:00:00,ieee123,RTU_ieee123,SCADA_MASTER,DNP3,REPORT,RTU_TO_SCADA,38,BUS_18_VPU_CA,0.9303835662051362,pu,GOOD,DELIVERED,0,0,,,,,DISCOVERED,ATTACK,reconnaissance,T0846
reconnaissance_ieee123-atk380,reconnaissance_ieee123,2010-07-01T00:00:00,ieee123,RTU_ieee123,SCADA_MASTER,DNP3,REPORT,RTU_TO_SCADA,380,CURRENT_line_Line_l_100_450_C,0.002,A,GOOD,DELIVERED,0,0,,,,,DISCOVERED,ATTACK,reconnaissance,T0846
reconnaissance_ieee123-atk381,reconnaissance_ieee123,2010-07-01T00:00:00,ieee123,RTU_ieee123,SCADA_MASTER,DNP3,REPORT,RTU_TO_SCADA,381,CURRENT_line_Line_l_101_102_C,19.38,A,GOOD,DELIVERED,0,0,,,,,DISCOVERED,ATTACK,reconnaissance,T0846
reconnaissance_ieee123-atk382,reconnaissance_ieee123,2010-07-01T00:00:00,ieee123,RTU_ieee123,SCADA_MASTER,DNP3,REPORT,RTU_TO_SCADA,382,CURRENT_line_Line_l_101_105_A,145.933,A,GOOD,DELIVERED,0,0,,,,,DISCOVERED,ATTACK,reconnaissance,T0846
reconnaissance_ieee123-atk383,reconnaissance_ieee123,2010-07-01T00:00:00,ieee123,RTU_ieee123,SCADA_MASTER,DNP3,REPORT,RTU_TO_SCADA,383,CURRENT_line_Line_l_101_105_B,107.858,A,GOOD,DELIVERED,0,0,,,,,DISCOVERED,ATTACK,reconnaissance,T0846
reconnaissance_ieee123-atk384,reconnaissance_ieee123,2010-07-01T00:00:00,ieee123,RTU_ieee123,SCADA_MASTER,DNP3,REPORT,RTU_TO_SCADA,384,CURRENT_line_Line_l_101_105_C,0.005,A,GOOD,DELIVERED,0,0,,,,,DISCOVERED,ATTACK,reconnaissance,T0846
reconnaissance_ieee123-atk385,reconnaissance_ieee123,2010-07-01T00:00:00,ieee123,RTU_ieee123,SCADA_MASTER,DNP3,REPORT,RTU_TO_SCADA,385,CURRENT_line_Line_l_102_103_C,11.151,A,GOOD,DELIVERED,0,0,,,,,DISCOVERED,ATTACK,reconnaissance,T0846
reconnaissance_ieee123-atk386,reconnaissance_ieee123,2010-07-01T00:00:00,ieee123,RTU_ieee123,SCADA_MASTER,DNP3,REPORT,RTU_TO_SCADA,386,CURRENT_line_Line_l_103_104_C,3.234,A,GOOD,DELIVERED,0,0,,,,,DISCOVERED,ATTACK,reconnaissance,T0846
reconnaissance_ieee123-atk387,reconnaissance_ieee123,2010-07-01T00:00:00,ieee123,RTU_ieee123,SCADA_MASTER,DNP3,REPORT,RTU_TO_SCADA,387,CURRENT_line_Line_l_105_106_B,107.86,A,GOOD,DELIVERED,0,0,,,,,DISCOVERED,ATTACK,reconnaissance,T0846
reconnaissance_ieee123-atk388,reconnaissance_ieee123,2010-07-01T00:00:00,ieee123,RTU_ieee123,SCADA_MASTER,DNP3,REPORT,RTU_TO_SCADA,388,CURRENT_line_Line_l_105_108_A,145.934,A,GOOD,DELIVERED,0,0,,,,,DISCOVERED,ATTACK,reconnaissance,T0846
reconnaissance_ieee123-atk389,reconnaissance_ieee123,2010-07-01T00:00:00,ieee123,RTU_ieee123,SCADA_MASTER,DNP3,REPORT,RTU_TO_SCADA,389,CURRENT_line_Line_l_105_108_B,0.004,A,GOOD,DELIVERED,0,0,,,,,DISCOVERED,ATTACK,reconnaissance,T0846
reconnaissance_ieee123-atk039,reconnaissance_ieee123,2010-07-01T00:00:00,ieee123,RTU_ieee123,SCADA_MASTER,DNP3,REPORT,RTU_TO_SCADA,39,BUS_197_VPU_AB,0.8677465677233444,pu,GOOD,DELIVERED,0,0,,,,,DISCOVERED,ATTACK,reconnaissance,T0846
reconnaissance_ieee123-atk390,reconnaissance_ieee123,2010-07-01T00:00:00,ieee123,RTU_ieee123,SCADA_MASTER,DNP3,REPORT,RTU_TO_SCADA,390,CURRENT_line_Line_l_105_108_C,0.004,A,GOOD,DELIVERED,0,0,,,,,DISCOVERED,ATTACK,reconnaissance,T0846
reconnaissance_ieee123-atk391,reconnaissance_ieee123,2010-07-01T00:00:00,ieee123,RTU_ieee123,SCADA_MASTER,DNP3,REPORT,RTU_TO_SCADA,391,CURRENT_line_Line_l_106_107_B,76.357,A,GOOD,DELIVERED,0,0,,,,,DISCOVERED,ATTACK,reconnaissance,T0846
reconnaissance_ieee123-atk392,reconnaissance_ieee123,2010-07-01T00:00:00,ieee123,RTU_ieee123,SCADA_MASTER,DNP3,REPORT,RTU_TO_SCADA,392,CURRENT_line_Line_l_108_109_A,145.935,A,GOOD,DELIVERED,0,0,,,,,DISCOVERED,ATTACK,reconnaissance,T0846
reconnaissance_ieee123-atk393,reconnaissance_ieee123,2010-07-01T00:00:00,ieee123,RTU_ieee123,SCADA_MASTER,DNP3,REPORT,RTU_TO_SCADA,393,CURRENT_line_Line_l_108_300_A,0.003,A,GOOD,DELIVERED,0,0,,,,,DISCOVERED,ATTACK,reconnaissance,T0846
reconnaissance_ieee123-atk394,reconnaissance_ieee123,2010-07-01T00:00:00,ieee123,RTU_ieee123,SCADA_MASTER,DNP3,REPORT,RTU_TO_SCADA,394,CURRENT_line_Line_l_108_300_B,0.003,A,GOOD,DELIVERED,0,0,,,,,DISCOVERED,ATTACK,reconnaissance,T0846
reconnaissance_ieee123-atk395,reconnaissance_ieee123,2010-07-01T00:00:00,ieee123,RTU_ieee123,SCADA_MASTER,DNP3,REPORT,RTU_TO_SCADA,395,CURRENT_line_Line_l_108_300_C,0.003,A,GOOD,DELIVERED,0,0,,,,,DISCOVERED,ATTACK,reconnaissance,T0846
reconnaissance_ieee123-atk396,reconnaissance_ieee123,2010-07-01T00:00:00,ieee123,RTU_ieee123,SCADA_MASTER,DNP3,REPORT,RTU_TO_SCADA,396,CURRENT_line_Line_l_109_110_A,140.063,A,GOOD,DELIVERED,0,0,,,,,DISCOVERED,ATTACK,reconnaissance,T0846
reconnaissance_ieee123-atk397,reconnaissance_ieee123,2010-07-01T00:00:00,ieee123,RTU_ieee123,SCADA_MASTER,DNP3,REPORT,RTU_TO_SCADA,397,CURRENT_line_Line_l_110_111_A,18.878,A,GOOD,DELIVERED,0,0,,,,,DISCOVERED,ATTACK,reconnaissance,T0846
reconnaissance_ieee123-atk398,reconnaissance_ieee123,2010-07-01T00:00:00,ieee123,RTU_ieee123,SCADA_MASTER,DNP3,REPORT,RTU_TO_SCADA,398,CURRENT_line_Line_l_110_112_A,121.186,A,GOOD,DELIVERED,0,0,,,,,DISCOVERED,ATTACK,reconnaissance,T0846
reconnaissance_ieee123-atk399,reconnaissance_ieee123,2010-07-01T00:00:00,ieee123,RTU_ieee123,SCADA_MASTER,DNP3,REPORT,RTU_TO_SCADA,399,CURRENT_line_Line_l_112_113_A,4.54,A,GOOD,DELIVERED,0,0,,,,,DISCOVERED,ATTACK,reconnaissance,T0846
reconnaissance_ieee123-atk004,reconnaissance_ieee123,2010-07-01T00:00:00,ieee123,RTU_ieee123,SCADA_MASTER,DNP3,REPORT,RTU_TO_SCADA,4,BUS_100_VPU_BC,0.9328771042946062,pu,GOOD,DELIVERED,0,0,,,,,DISCOVERED,ATTACK,reconnaissance,T0846
reconnaissance_ieee123-atk040,reconnaissance_ieee123,2010-07-01T00:00:00,ieee123,RTU_ieee123,SCADA_MASTER,DNP3,REPORT,RTU_TO_SCADA,40,BUS_197_VPU_BC,0.9344460402141958,pu,GOOD,DELIVERED,0,0,,,,,DISCOVERED,ATTACK,reconnaissance,T0846
reconnaissance_ieee123-atk400,reconnaissance_ieee123,2010-07-01T00:00:00,ieee123,RTU_ieee123,SCADA_MASTER,DNP3,REPORT,RTU_TO_SCADA,400,CURRENT_line_Line_l_113_114_A,2.789,A,GOOD,DELIVERED,0,0,,,,,DISCOVERED,ATTACK,reconnaissance,T0846
reconnaissance_ieee123-atk401,reconnaissance_ieee123,2010-07-01T00:00:00,ieee123,RTU_ieee123,SCADA_MASTER,DNP3,REPORT,RTU_TO_SCADA,401,CURRENT_line_Line_l_135_35_A,31.145,A,GOOD,DELIVERED,0,0,,,,,DISCOVERED,ATTACK,reconnaissance,T0846
reconnaissance_ieee123-atk402,reconnaissance_ieee123,2010-07-01T00:00:00,ieee123,RTU_ieee123,SCADA_MASTER,DNP3,REPORT,RTU_TO_SCADA,402,CURRENT_line_Line_l_135_35_B,21.783,A,GOOD,DELIVERED,0,0,,,,,DISCOVERED,ATTACK,reconnaissance,T0846
reconnaissance_ieee123-atk403,reconnaissance_ieee123,2010-07-01T00:00:00,ieee123,RTU_ieee123,SCADA_MASTER,DNP3,REPORT,RTU_TO_SCADA,403,CURRENT_line_Line_l_135_35_C,23.787,A,GOOD,DELIVERED,0,0,,,,,DISCOVERED,ATTACK,reconnaissance,T0846
reconnaissance_ieee123-atk404,reconnaissance_ieee123,2010-07-01T00:00:00,ieee123,RTU_ieee123,SCADA_MASTER,DNP3,REPORT,RTU_TO_SCADA,404,CURRENT_line_Line_l_13_18_A,124.242,A,GOOD,DELIVERED,0,0,,,,,DISCOVERED,ATTACK,reconnaissance,T0846
reconnaissance_ieee123-atk405,reconnaissance_ieee123,2010-07-01T00:00:00,ieee123,RTU_ieee123,SCADA_MASTER,DNP3,REPORT,RTU_TO_SCADA,405,CURRENT_line_Line_l_13_18_B,28.758,A,GOOD,DELIVERED,0,0,,,,,DISCOVERED,ATTACK,reconnaissance,T0846
reconnaissance_ieee123-atk406,reconnaissance_ieee123,2010-07-01T00:00:00,ieee123,RTU_ieee123,SCADA_MASTER,DNP3,REPORT,RTU_TO_SCADA,406,CURRENT_line_Line_l_13_18_C,92.193,A,GOOD,DELIVERED,0,0,,,,,DISCOVERED,ATTACK,reconnaissance,T0846
reconnaissance_ieee123-atk407,reconnaissance_ieee123,2010-07-01T00:00:00,ieee123,RTU_ieee123,SCADA_MASTER,DNP3,REPORT,RTU_TO_SCADA,407,CURRENT_line_Line_l_13_34_C,31.394,A,GOOD,DELIVERED,0,0,,,,,DISCOVERED,ATTACK,reconnaissance,T0846
reconnaissance_ieee123-atk408,reconnaissance_ieee123,2010-07-01T00:00:00,ieee123,RTU_ieee123,SCADA_MASTER,DNP3,REPORT,RTU_TO_SCADA,408,CURRENT_line_Line_l_149_1_A,924.142,A,GOOD,DELIVERED,0,0,,,,,DISCOVERED,ATTACK,reconnaissance,T0846
reconnaissance_ieee123-atk409,reconnaissance_ieee123,2010-07-01T00:00:00,ieee123,RTU_ieee123,SCADA_MASTER,DNP3,REPORT,RTU_TO_SCADA,409,CURRENT_line_Line_l_149_1_B,472.422,A,GOOD,DELIVERED,0,0,,,,,DISCOVERED,ATTACK,reconnaissance,T0846
reconnaissance_ieee123-atk041,reconnaissance_ieee123,2010-07-01T00:00:00,ieee123,RTU_ieee123,SCADA_MASTER,DNP3,REPORT,RTU_TO_SCADA,41,BUS_197_VPU_CA,0.9069439887557047,pu,GOOD,DELIVERED,0,0,,,,,DISCOVERED,ATTACK,reconnaissance,T0846
reconnaissance_ieee123-atk410,reconnaissance_ieee123,2010-07-01T00:00:00,ieee123,RTU_ieee123,SCADA_MASTER,DNP3,REPORT,RTU_TO_SCADA,410,CURRENT_line_Line_l_149_1_C,509.118,A,GOOD,DELIVERED,0,0,,,,,DISCOVERED,ATTACK,reconnaissance,T0846
reconnaissance_ieee123-atk411,reconnaissance_ieee123,2010-07-01T00:00:00,ieee123,RTU_ieee123,SCADA_MASTER,DNP3,REPORT,RTU_TO_SCADA,411,CURRENT_line_Line_l_14_10_A,15.333,A,GOOD,DELIVERED,0,0,,,,,DISCOVERED,ATTACK,reconnaissance,T0846
reconnaissance_ieee123-atk412,reconnaissance_ieee123,2010-07-01T00:00:00,ieee123,RTU_ieee123,SCADA_MASTER,DNP3,REPORT,RTU_TO_SCADA,412,CURRENT_line_Line_l_14_11_A,101.715,A,GOOD,DELIVERED,0,0,,,,,DISCOVERED,ATTACK,reconnaissance,T0846
reconnaissance_ieee123-atk413,reconnaissance_ieee123,2010-07-01T00:00:00,ieee123,RTU_ieee123,SCADA_MASTER,DNP3,REPORT,RTU_TO_SCADA,413,CURRENT_line_Line_l_152_52_A,592.775,A,GOOD,DELIVERED,0,0,,,,,DISCOVERED,ATTACK,reconnaissance,T0846
reconnaissance_ieee123-atk414,reconnaissance_ieee123,2010-07-01T00:00:00,ieee123,RTU_ieee123,SCADA_MASTER,DNP3,REPORT,RTU_TO_SCADA,414,CURRENT_line_Line_l_152_52_B,416.499,A,GOOD,DELIVERED,0,0,,,,,DISCOVERED,ATTACK,reconnaissance,T0846
reconnaissance_ieee123-atk415,reconnaissance_ieee123,2010-07-01T00:00:00,ieee123,RTU_ieee123,SCADA_MASTER,DNP3,REPORT,RTU_TO_SCADA,415,CURRENT_line_Line_l_152_52_C,294.502,A,GOOD,DELIVERED,0,0,,,,,DISCOVERED,ATTACK,reconnaissance,T0846
reconnaissance_ieee123-atk416,reconnaissance_ieee123,2010-07-01T00:00:00,ieee123,RTU_ieee123,SCADA_MASTER,DNP3,REPORT,RTU_TO_SCADA,416,CURRENT_line_Line_l_15_16_C,6.894,A,GOOD,DELIVERED,0,0,,,,,DISCOVERED,ATTACK,reconnaissance,T0846
reconnaissance_ieee123-atk417,reconnaissance_ieee123,2010-07-01T00:00:00,ieee123,RTU_ieee123,SCADA_MASTER,DNP3,REPORT,RTU_TO_SCADA,417,CURRENT_line_Line_l_15_17_C,20.263,A,GOOD,DELIVERED,0,0,,,,,DISCOVERED,ATTACK,reconnaissance,T0846
reconnaissance_ieee123-atk418,reconnaissance_ieee123,2010-07-01T00:00:00,ieee123,RTU_ieee123,SCADA_MASTER,DNP3,REPORT,RTU_TO_SCADA,418,CURRENT_line_Line_l_160_67_A,334.224,A,GOOD,DELIVERED,0,0,,,,,DISCOVERED,ATTACK,reconnaissance,T0846
reconnaissance_ieee123-atk419,reconnaissance_ieee123,2010-07-01T00:00:00,ieee123,RTU_ieee123,SCADA_MASTER,DNP3,REPORT,RTU_TO_SCADA,419,CURRENT_line_Line_l_160_67_B,275.443,A,GOOD,DELIVERED,0,0,,,,,DISCOVERED,ATTACK,reconnaissance,T0846
reconnaissance_ieee123-atk042,reconnaissance_ieee123,2010-07-01T00:00:00,ieee123,RTU_ieee123,SCADA_MASTER,DNP3,REPORT,RTU_TO_SCADA,42,BUS_1_VPU_AB,0.9305422082196793,pu,GOOD,DELIVERED,0,0,,,,,DISCOVERED,ATTACK,reconnaissance,T0846
reconnaissance_ieee123-atk420,reconnaissance_ieee123,2010-07-01T00:00:00,ieee123,RTU_ieee123,SCADA_MASTER,DNP3,REPORT,RTU_TO_SCADA,420,CURRENT_line_Line_l_160_67_C,271.389,A,GOOD,DELIVERED,0,0,,,,,DISCOVERED,ATTACK,reconnaissance,T0846
reconnaissance_ieee123-atk421,reconnaissance_ieee123,2010-07-01T00:00:00,ieee123,RTU_ieee123,SCADA_MASTER,DNP3,REPORT,RTU_TO_SCADA,421,CURRENT_line_Line_l_18_19_A,12.938,A,GOOD,DELIVERED,0,0,,,,,DISCOVERED,ATTACK,reconnaissance,T0846
reconnaissance_ieee123-atk422,reconnaissance_ieee123,2010-07-01T00:00:00,ieee123,RTU_ieee123,SCADA_MASTER,DNP3,REPORT,RTU_TO_SCADA,422,CURRENT_line_Line_l_18_21_A,80.167,A,GOOD,DELIVERED,0,0,,,,,DISCOVERED,ATTACK,reconnaissance,T0846
reconnaissance_ieee123-atk423,reconnaissance_ieee123,2010-07-01T00:00:00,ieee123,RTU_ieee123,SCADA_MASTER,DNP3,REPORT,RTU_TO_SCADA,423,CURRENT_line_Line_l_18_21_B,7.03,A,GOOD,DELIVERED,0,0,,,,,DISCOVERED,ATTACK,reconnaissance,T0846
reconnaissance_ieee123-atk424,reconnaissance_ieee123,2010-07-01T00:00:00,ieee123,RTU_ieee123,SCADA_MASTER,DNP3,REPORT,RTU_TO_SCADA,424,CURRENT_line_Line_l_18_21_C,68.408,A,GOOD,DELIVERED,0,0,,,,,DISCOVERED,ATTACK,reconnaissance,T0846
reconnaissance_ieee123-atk425,reconnaissance_ieee123,2010-07-01T00:00:00,ieee123,RTU_ieee123,SCADA_MASTER,DNP3,REPORT,RTU_TO_SCADA,425,CURRENT_line_Line_l_197_101_A,145.933,A,GOOD,DELIVERED,0,0,,,,,DISCOVERED,ATTACK,reconnaissance,T0846
reconnaissance_ieee123-atk426,reconnaissance_ieee123,2010-07-01T00:00:00,ieee123,RTU_ieee123,SCADA_MASTER,DNP3,REPORT,RTU_TO_SCADA,426,CURRENT_line_Line_l_197_101_B,107.858,A,GOOD,DELIVERED,0,0,,,,,DISCOVERED,ATTACK,reconnaissance,T0846
reconnaissance_ieee123-atk427,reconnaissance_ieee123,2010-07-01T00:00:00,ieee123,RTU_ieee123,SCADA_MASTER,DNP3,REPORT,RTU_TO_SCADA,427,CURRENT_line_Line_l_197_101_C,19.378,A,GOOD,DELIVERED,0,0,,,,,DISCOVERED,ATTACK,reconnaissance,T0846
reconnaissance_ieee123-atk428,reconnaissance_ieee123,2010-07-01T00:00:00,ieee123,RTU_ieee123,SCADA_MASTER,DNP3,REPORT,RTU_TO_SCADA,428,CURRENT_line_Line_l_19_20_A,2.263,A,GOOD,DELIVERED,0,0,,,,,DISCOVERED,ATTACK,reconnaissance,T0846
reconnaissance_ieee123-atk429,reconnaissance_ieee123,2010-07-01T00:00:00,ieee123,RTU_ieee123,SCADA_MASTER,DNP3,REPORT,RTU_TO_SCADA,429,CURRENT_line_Line_l_1_2_B,1.875,A,GOOD,DELIVERED,0,0,,,,,DISCOVERED,ATTACK,reconnaissance,T0846
reconnaissance_ieee123-atk043,reconnaissance_ieee123,2010-07-01T00:00:00,ieee123,RTU_ieee123,SCADA_MASTER,DNP3,REPORT,RTU_TO_SCADA,43,BUS_1_VPU_BC,0.9691681068078747,pu,GOOD,DELIVERED,0,0,,,,,DISCOVERED,ATTACK,reconnaissance,T0846
reconnaissance_ieee123-atk430,reconnaissance_ieee123,2010-07-01T00:00:00,ieee123,RTU_ieee123,SCADA_MASTER,DNP3,REPORT,RTU_TO_SCADA,430,CURRENT_line_Line_l_1_3_C,95.256,A,GOOD,DELIVERED,0,0,,,,,DISCOVERED,ATTACK,reconnaissance,T0846
reconnaissance_ieee123-atk431,reconnaissance_ieee123,2010-07-01T00:00:00,ieee123,RTU_ieee123,SCADA_MASTER,DNP3,REPORT,RTU_TO_SCADA,431,CURRENT_line_Line_l_1_7_A,920.767,A,GOOD,DELIVERED,0,0,,,,,DISCOVERED,ATTACK,reconnaissance,T0846
reconnaissance_ieee123-atk432,reconnaissance_ieee123,2010-07-01T00:00:00,ieee123,RTU_ieee123,SCADA_MASTER,DNP3,REPORT,RTU_TO_SCADA,432,CURRENT_line_Line_l_1_7_B,470.561,A,GOOD,DELIVERED,0,0,,,,,DISCOVERED,ATTACK,reconnaissance,T0846
reconnaissance_ieee123-atk433,reconnaissance_ieee123,2010-07-01T00:00:00,ieee123,RTU_ieee123,SCADA_MASTER,DNP3,REPORT,RTU_TO_SCADA,433,CURRENT_line_Line_l_1_7_C,414.897,A,GOOD,DELIVERED,0,0,,,,,DISCOVERED,ATTACK,reconnaissance,T0846
reconnaissance_ieee123-atk434,reconnaissance_ieee123,2010-07-01T00:00:00,ieee123,RTU_ieee123,SCADA_MASTER,DNP3,REPORT,RTU_TO_SCADA,434,CURRENT_line_Line_l_21_22_B,7.033,A,GOOD,DELIVERED,0,0,,,,,DISCOVERED,ATTACK,reconnaissance,T0846
reconnaissance_ieee123-atk435,reconnaissance_ieee123,2010-07-01T00:00:00,ieee123,RTU_ieee123,SCADA_MASTER,DNP3,REPORT,RTU_TO_SCADA,435,CURRENT_line_Line_l_21_23_A,80.167,A,GOOD,DELIVERED,0,0,,,,,DISCOVERED,ATTACK,reconnaissance,T0846
reconnaissance_ieee123-atk436,reconnaissance_ieee123,2010-07-01T00:00:00,ieee123,RTU_ieee123,SCADA_MASTER,DNP3,REPORT,RTU_TO_SCADA,436,CURRENT_line_Line_l_21_23_B,0.005,A,GOOD,DELIVERED,0,0,,,,,DISCOVERED,ATTACK,reconnaissance,T0846
reconnaissance_ieee123-atk437,reconnaissance_ieee123,2010-07-01T00:00:00,ieee123,RTU_ieee123,SCADA_MASTER,DNP3,REPORT,RTU_TO_SCADA,437,CURRENT_line_Line_l_21_23_C,68.408,A,GOOD,DELIVERED,0,0,,,,,DISCOVERED,ATTACK,reconnaissance,T0846
reconnaissance_ieee123-atk438,reconnaissance_ieee123,2010-07-01T00:00:00,ieee123,RTU_ieee123,SCADA_MASTER,DNP3,REPORT,RTU_TO_SCADA,438,CURRENT_line_Line_l_23_24_C,5.977,A,GOOD,DELIVERED,0,0,,,,,DISCOVERED,ATTACK,reconnaissance,T0846
reconnaissance_ieee123-atk439,reconnaissance_ieee123,2010-07-01T00:00:00,ieee123,RTU_ieee123,SCADA_MASTER,DNP3,REPORT,RTU_TO_SCADA,439,CURRENT_line_Line_l_23_25_A,80.167,A,GOOD,DELIVERED,0,0,,,,,DISCOVERED,ATTACK,reconnaissance,T0846
reconnaissance_ieee123-atk044,reconnaissance_ieee123,2010-07-01T00:00:00,ieee123,RTU_ieee123,SCADA_MASTER,DNP3,REPORT,RTU_TO_SCADA,44,BUS_1_VPU_CA,0.9531600252756911,pu,GOOD,DELIVERED,0,0,,,,,DISCOVERED,ATTACK,reconnaissance,T0846
reconnaissance_ieee123-atk440,reconnaissance_ieee123,2010-07-01T00:00:00,ieee123,RTU_ieee123,SCADA_MASTER,DNP3,REPORT,RTU_TO_SCADA,440,CURRENT_line_Line_l_23_25_B,0.004,A,GOOD,DELIVERED,0,0,,,,,DISCOVERED,ATTACK,reconnaissance,T0846
reconnaissance_ieee123-atk441,reconnaissance_ieee123,2010-07-01T00:00:00,ieee123,RTU_ieee123,SCADA_MASTER,DNP3,REPORT,RTU_TO_SCADA,441,CURRENT_line_Line_l_23_25_C,62.432,A,GOOD,DELIVERED,0,0,,,,,DISCOVERED,ATTACK,reconnaissance,T0846
reconnaissance_ieee123-atk442,reconnaissance_ieee123,2010-07-01T00:00:00,ieee123,RTU_ieee123,SCADA_MASTER,DNP3,REPORT,RTU_TO_SCADA,442,CURRENT_line_Line_l_25_26_A,7.028,A,GOOD,DELIVERED,0,0,,,,,DISCOVERED,ATTACK,reconnaissance,T0846
reconnaissance_ieee123-atk443,reconnaissance_ieee123,2010-07-01T00:00:00,ieee123,RTU_ieee123,SCADA_MASTER,DNP3,REPORT,RTU_TO_SCADA,443,CURRENT_line_Line_l_25_26_C,57.149,A,GOOD,DELIVERED,0,0,,,,,DISCOVERED,ATTACK,reconnaissance,T0846
reconnaissance_ieee123-atk444,reconnaissance_ieee123,2010-07-01T00:00:00,ieee123,RTU_ieee123,SCADA_MASTER,DNP3,REPORT,RTU_TO_SCADA,444,CURRENT_line_Line_l_25_28_A,73.139,A,GOOD,DELIVERED,0,0,,,,,DISCOVERED,ATTACK,reconnaissance,T0846
reconnaissance_ieee123-atk445,reconnaissance_ieee123,2010-07-01T00:00:00,ieee123,RTU_ieee123,SCADA_MASTER,DNP3,REPORT,RTU_TO_SCADA,445,CURRENT_line_Line_l_25_28_B,0.003,A,GOOD,DELIVERED,0,0,,,,,DISCOVERED,ATTACK,reconnaissance,T0846
reconnaissance_ieee123-atk446,reconnaissance_ieee123,2010-07-01T00:00:00,ieee123,RTU_ieee123,SCADA_MASTER,DNP3,REPORT,RTU_TO_SCADA,446,CURRENT_line_Line_l_25_28_C,5.283,A,GOOD,DELIVERED,0,0,,,,,DISCOVERED,ATTACK,reconnaissance,T0846
reconnaissance_ieee123-atk447,reconnaissance_ieee123,2010-07-01T00:00:00,ieee123,RTU_ieee123,SCADA_MASTER,DNP3,REPORT,RTU_TO_SCADA,447,CURRENT_line_Line_l_26_27_A,7.029,A,GOOD,DELIVERED,0,0,,,,,DISCOVERED,ATTACK,reconnaissance,T0846
reconnaissance_ieee123-atk448,reconnaissance_ieee123,2010-07-01T00:00:00,ieee123,RTU_ieee123,SCADA_MASTER,DNP3,REPORT,RTU_TO_SCADA,448,CURRENT_line_Line_l_26_27_C,0.001,A,GOOD,DELIVERED,0,0,,,,,DISCOVERED,ATTACK,reconnaissance,T0846
reconnaissance_ieee123-atk449,reconnaissance_ieee123,2010-07-01T00:00:00,ieee123,RTU_ieee123,SCADA_MASTER,DNP3,REPORT,RTU_TO_SCADA,449,CURRENT_line_Line_l_26_31_C,57.15,A,GOOD,DELIVERED,0,0,,,,,DISCOVERED,ATTACK,reconnaissance,T0846
reconnaissance_ieee123-atk045,reconnaissance_ieee123,2010-07-01T00:00:00,ieee123,RTU_ieee123,SCADA_MASTER,DNP3,REPORT,RTU_TO_SCADA,45,BUS_21_VPU_AB,0.9027771639471294,pu,GOOD,DELIVERED,0,0,,,,,DISCOVERED,ATTACK,reconnaissance,T0846
reconnaissance_ieee123-atk450,reconnaissance_ieee123,2010-07-01T00:00:00,ieee123,RTU_ieee123,SCADA_MASTER,DNP3,REPORT,RTU_TO_SCADA,450,CURRENT_line_Line_l_27_33_A,7.029,A,GOOD,DELIVERED,0,0,,,,,DISCOVERED,ATTACK,reconnaissance,T0846
reconnaissance_ieee123-atk451,reconnaissance_ieee123,2010-07-01T00:00:00,ieee123,RTU_ieee123,SCADA_MASTER,DNP3,REPORT,RTU_TO_SCADA,451,CURRENT_line_Line_l_28_29_A,2.532,A,GOOD,DELIVERED,0,0,,,,,DISCOVERED,ATTACK,reconnaissance,T0846
reconnaissance_ieee123-atk452,reconnaissance_ieee123,2010-07-01T00:00:00,ieee123,RTU_ieee123,SCADA_MASTER,DNP3,REPORT,RTU_TO_SCADA,452,CURRENT_line_Line_l_28_29_B,0.002,A,GOOD,DELIVERED,0,0,,,,,DISCOVERED,ATTACK,reconnaissance,T0846
reconnaissance_ieee123-atk453,reconnaissance_ieee123,2010-07-01T00:00:00,ieee123,RTU_ieee123,SCADA_MASTER,DNP3,REPORT,RTU_TO_SCADA,453,CURRENT_line_Line_l_28_29_C,5.284,A,GOOD,DELIVERED,0,0,,,,,DISCOVERED,ATTACK,reconnaissance,T0846
reconnaissance_ieee123-atk454,reconnaissance_ieee123,2010-07-01T00:00:00,ieee123,RTU_ieee123,SCADA_MASTER,DNP3,REPORT,RTU_TO_SCADA,454,CURRENT_line_Line_l_29_30_A,0.001,A,GOOD,DELIVERED,0,0,,,,,DISCOVERED,ATTACK,reconnaissance,T0846
reconnaissance_ieee123-atk455,reconnaissance_ieee123,2010-07-01T00:00:00,ieee123,RTU_ieee123,SCADA_MASTER,DNP3,REPORT,RTU_TO_SCADA,455,CURRENT_line_Line_l_29_30_B,0.002,A,GOOD,DELIVERED,0,0,,,,,DISCOVERED,ATTACK,reconnaissance,T0846
reconnaissance_ieee123-atk456,reconnaissance_ieee123,2010-07-01T00:00:00,ieee123,RTU_ieee123,SCADA_MASTER,DNP3,REPORT,RTU_TO_SCADA,456,CURRENT_line_Line_l_29_30_C,5.284,A,GOOD,DELIVERED,0,0,,,,,DISCOVERED,ATTACK,reconnaissance,T0846
reconnaissance_ieee123-atk457,reconnaissance_ieee123,2010-07-01T00:00:00,ieee123,RTU_ieee123,SCADA_MASTER,DNP3,REPORT,RTU_TO_SCADA,457,CURRENT_line_Line_l_30_250_A,0.001,A,GOOD,DELIVERED,0,0,,,,,DISCOVERED,ATTACK,reconnaissance,T0846
reconnaissance_ieee123-atk458,reconnaissance_ieee123,2010-07-01T00:00:00,ieee123,RTU_ieee123,SCADA_MASTER,DNP3,REPORT,RTU_TO_SCADA,458,CURRENT_line_Line_l_30_250_B,0.001,A,GOOD,DELIVERED,0,0,,,,,DISCOVERED,ATTACK,reconnaissance,T0846
reconnaissance_ieee123-atk459,reconnaissance_ieee123,2010-07-01T00:00:00,ieee123,RTU_ieee123,SCADA_MASTER,DNP3,REPORT,RTU_TO_SCADA,459,CURRENT_line_Line_l_30_250_C,0.001,A,GOOD,DELIVERED,0,0,,,,,DISCOVERED,ATTACK,reconnaissance,T0846
reconnaissance_ieee123-atk046,reconnaissance_ieee123,2010-07-01T00:00:00,ieee123,RTU_ieee123,SCADA_MASTER,DNP3,REPORT,RTU_TO_SCADA,46,BUS_21_VPU_BC,0.9566074607324322,pu,GOOD,DELIVERED,0,0,,,,,DISCOVERED,ATTACK,reconnaissance,T0846
reconnaissance_ieee123-atk460,reconnaissance_ieee123,2010-07-01T00:00:00,ieee123,RTU_ieee123,SCADA_MASTER,DNP3,REPORT,RTU_TO_SCADA,460,CURRENT_line_Line_l_31_32_C,11.228,A,GOOD,DELIVERED,0,0,,,,,DISCOVERED,ATTACK,reconnaissance,T0846
reconnaissance_ieee123-atk461,reconnaissance_ieee123,2010-07-01T00:00:00,ieee123,RTU_ieee123,SCADA_MASTER,DNP3,REPORT,RTU_TO_SCADA,461,CURRENT_line_Line_l_34_15_C,27.157,A,GOOD,DELIVERED,0,0,,,,,DISCOVERED,ATTACK,reconnaissance,T0846
reconnaissance_ieee123-atk462,reconnaissance_ieee123,2010-07-01T00:00:00,ieee123,RTU_ieee123,SCADA_MASTER,DNP3,REPORT,RTU_TO_SCADA,462,CURRENT_line_Line_l_35_36_A,3.059,A,GOOD,DELIVERED,0,0,,,,,DISCOVERED,ATTACK,reconnaissance,T0846
reconnaissance_ieee123-atk463,reconnaissance_ieee123,2010-07-01T00:00:00,ieee123,RTU_ieee123,SCADA_MASTER,DNP3,REPORT,RTU_TO_SCADA,463,CURRENT_line_Line_l_35_36_B,2.076,A,GOOD,DELIVERED,0,0,,,,,DISCOVERED,ATTACK,reconnaissance,T0846
reconnaissance_ieee123-atk464,reconnaissance_ieee123,2010-07-01T00:00:00,ieee123,RTU_ieee123,SCADA_MASTER,DNP3,REPORT,RTU_TO_SCADA,464,CURRENT_line_Line_l_35_40_A,25.974,A,GOOD,DELIVERED,0,0,,,,,DISCOVERED,ATTACK,reconnaissance,T0846
reconnaissance_ieee123-atk465,reconnaissance_ieee123,2010-07-01T00:00:00,ieee123,RTU_ieee123,SCADA_MASTER,DNP3,REPORT,RTU_TO_SCADA,465,CURRENT_line_Line_l_35_40_B,17.367,A,GOOD,DELIVERED,0,0,,,,,DISCOVERED,ATTACK,reconnaissance,T0846
reconnaissance_ieee123-atk466,reconnaissance_ieee123,2010-07-01T00:00:00,ieee123,RTU_ieee123,SCADA_MASTER,DNP3,REPORT,RTU_TO_SCADA,466,CURRENT_line_Line_l_35_40_C,23.788,A,GOOD,DELIVERED,0,0,,,,,DISCOVERED,ATTACK,reconnaissance,T0846
reconnaissance_ieee123-atk467,reconnaissance_ieee123,2010-07-01T00:00:00,ieee123,RTU_ieee123,SCADA_MASTER,DNP3,REPORT,RTU_TO_SCADA,467,CURRENT_line_Line_l_36_37_A,3.06,A,GOOD,DELIVERED,0,0,,,,,DISCOVERED,ATTACK,reconnaissance,T0846
reconnaissance_ieee123-atk468,reconnaissance_ieee123,2010-07-01T00:00:00,ieee123,RTU_ieee123,SCADA_MASTER,DNP3,REPORT,RTU_TO_SCADA,468,CURRENT_line_Line_l_36_38_B,2.077,A,GOOD,DELIVERED,0,0,,,,,DISCOVERED,ATTACK,reconnaissance,T0846
reconnaissance_ieee123-atk469,reconnaissance_ieee123,2010-07-01T00:00:00,ieee123,RTU_ieee123,SCADA_MASTER,DNP3,REPORT,RTU_TO_SCADA,469,CURRENT_line_Line_l_38_39_B,0.626,A,GOOD,DELIVERED,0,0,,,,,DISCOVERED,ATTACK,reconnaissance,T0846
reconnaissance_ieee123-atk047,reconnaissance_ieee123,2010-07-01T00:00:00,ieee123,RTU_ieee123,SCADA_MASTER,DNP3,REPORT,RTU_TO_SCADA,47,BUS_21_VPU_CA,0.9294627311240783,pu,GOOD,DELIVERED,0,0,,,,,DISCOVERED,ATTACK,reconnaissance,T0846
reconnaissance_ieee123-atk470,reconnaissance_ieee123,2010-07-01T00:00:00,ieee123,RTU_ieee123,SCADA_MASTER,DNP3,REPORT,RTU_TO_SCADA,470,CURRENT_line_Line_l_3_4_C,8.169,A,GOOD,DELIVERED,0,0,,,,,DISCOVERED,ATTACK,reconnaissance,T0846
reconnaissance_ieee123-atk471,reconnaissance_ieee123,2010-07-01T00:00:00,ieee123,RTU_ieee123,SCADA_MASTER,DNP3,REPORT,RTU_TO_SCADA,471,CURRENT_line_Line_l_3_5_C,87.089,A,GOOD,DELIVERED,0,0,,,,,DISCOVERED,ATTACK,reconnaissance,T0846
reconnaissance_ieee123-atk472,reconnaissance_ieee123,2010-07-01T00:00:00,ieee123,RTU_ieee123,SCADA_MASTER,DNP3,REPORT,RTU_TO_SCADA,472,CURRENT_line_Line_l_40_41_C,7.317,A,GOOD,DELIVERED,0,0,,,,,DISCOVERED,ATTACK,reconnaissance,T0846
reconnaissance_ieee123-atk473,reconnaissance_ieee123,2010-07-01T00:00:00,ieee123,RTU_ieee123,SCADA_MASTER,DNP3,REPORT,RTU_TO_SCADA,473,CURRENT_line_Line_l_40_42_A,25.974,A,GOOD,DELIVERED,0,0,,,,,DISCOVERED,ATTACK,reconnaissance,T0846
reconnaissance_ieee123-atk474,reconnaissance_ieee123,2010-07-01T00:00:00,ieee123,RTU_ieee123,SCADA_MASTER,DNP3,REPORT,RTU_TO_SCADA,474,CURRENT_line_Line_l_40_42_B,17.368,A,GOOD,DELIVERED,0,0,,,,,DISCOVERED,ATTACK,reconnaissance,T0846
reconnaissance_ieee123-atk475,reconnaissance_ieee123,2010-07-01T00:00:00,ieee123,RTU_ieee123,SCADA_MASTER,DNP3,REPORT,RTU_TO_SCADA,475,CURRENT_line_Line_l_40_42_C,16.472,A,GOOD,DELIVERED,0,0,,,,,DISCOVERED,ATTACK,reconnaissance,T0846
reconnaissance_ieee123-atk476,reconnaissance_ieee123,2010-07-01T00:00:00,ieee123,RTU_ieee123,SCADA_MASTER,DNP3,REPORT,RTU_TO_SCADA,476,CURRENT_line_Line_l_42_43_B,5.562,A,GOOD,DELIVERED,0,0,,,,,DISCOVERED,ATTACK,reconnaissance,T0846
reconnaissance_ieee123-atk477,reconnaissance_ieee123,2010-07-01T00:00:00,ieee123,RTU_ieee123,SCADA_MASTER,DNP3,REPORT,RTU_TO_SCADA,477,CURRENT_line_Line_l_42_44_A,22.996,A,GOOD,DELIVERED,0,0,,,,,DISCOVERED,ATTACK,reconnaissance,T0846
reconnaissance_ieee123-atk478,reconnaissance_ieee123,2010-07-01T00:00:00,ieee123,RTU_ieee123,SCADA_MASTER,DNP3,REPORT,RTU_TO_SCADA,478,CURRENT_line_Line_l_42_44_B,11.852,A,GOOD,DELIVERED,0,0,,,,,DISCOVERED,ATTACK,reconnaissance,T0846
reconnaissance_ieee123-atk479,reconnaissance_ieee123,2010-07-01T00:00:00,ieee123,RTU_ieee123,SCADA_MASTER,DNP3,REPORT,RTU_TO_SCADA,479,CURRENT_line_Line_l_42_44_C,16.472,A,GOOD,DELIVERED,0,0,,,,,DISCOVERED,ATTACK,reconnaissance,T0846
reconnaissance_ieee123-atk048,reconnaissance_ieee123,2010-07-01T00:00:00,ieee123,RTU_ieee123,SCADA_MASTER,DNP3,REPORT,RTU_TO_SCADA,48,BUS_23_VPU_AB,0.9022233491797357,pu,GOOD,DELIVERED,0,0,,,,,DISCOVERED,ATTACK,reconnaissance,T0846
reconnaissance_ieee123-atk480,reconnaissance_ieee123,2010-07-01T00:00:00,ieee123,RTU_ieee123,SCADA_MASTER,DNP3,REPORT,RTU_TO_SCADA,480,CURRENT_line_Line_l_44_45_A,14.363,A,GOOD,DELIVERED,0,0,,,,,DISCOVERED,ATTACK,reconnaissance,T0846
reconnaissance_ieee123-atk481,reconnaissance_ieee123,2010-07-01T00:00:00,ieee123,RTU_ieee123,SCADA_MASTER,DNP3,REPORT,RTU_TO_SCADA,481,CURRENT_line_Line_l_44_47_A,8.66,A,GOOD,DELIVERED,0,0,,,,,DISCOVERED,ATTACK,reconnaissance,T0846
reconnaissance_ieee123-atk482,reconnaissance_ieee123,2010-07-01T00:00:00,ieee123,RTU_ieee123,SCADA_MASTER,DNP3,REPORT,RTU_TO_SCADA,482,CURRENT_line_Line_l_44_47_B,11.853,A,GOOD,DELIVERED,0,0,,,,,DISCOVERED,ATTACK,reconnaissance,T0846
reconnaissance_ieee123-atk483,reconnaissance_ieee123,2010-07-01T00:00:00,ieee123,RTU_ieee123,SCADA_MASTER,DNP3,REPORT,RTU_TO_SCADA,483,CURRENT_line_Line_l_44_47_C,16.473,A,GOOD,DELIVERED,0,0,,,,,DISCOVERED,ATTACK,reconnaissance,T0846
reconnaissance_ieee123-atk484,reconnaissance_ieee123,2010-07-01T00:00:00,ieee123,RTU_ieee123,SCADA_MASTER,DNP3,REPORT,RTU_TO_SCADA,484,CURRENT_line_Line_l_45_46_A,12.084,A,GOOD,DELIVERED,0,0,,,,,DISCOVERED,ATTACK,reconnaissance,T0846
reconnaissance_ieee123-atk485,reconnaissance_ieee123,2010-07-01T00:00:00,ieee123,RTU_ieee123,SCADA_MASTER,DNP3,REPORT,RTU_TO_SCADA,485,CURRENT_line_Line_l_47_48_A,0.0,A,GOOD,DELIVERED,0,0,,,,,DISCOVERED,ATTACK,reconnaissance,T0846
reconnaissance_ieee123-atk486,reconnaissance_ieee123,2010-07-01T00:00:00,ieee123,RTU_ieee123,SCADA_MASTER,DNP3,REPORT,RTU_TO_SCADA,486,CURRENT_line_Line_l_47_48_B,0.0,A,GOOD,DELIVERED,0,0,,,,,DISCOVERED,ATTACK,reconnaissance,T0846
reconnaissance_ieee123-atk487,reconnaissance_ieee123,2010-07-01T00:00:00,ieee123,RTU_ieee123,SCADA_MASTER,DNP3,REPORT,RTU_TO_SCADA,487,CURRENT_line_Line_l_47_48_C,0.0,A,GOOD,DELIVERED,0,0,,,,,DISCOVERED,ATTACK,reconnaissance,T0846
reconnaissance_ieee123-atk488,reconnaissance_ieee123,2010-07-01T00:00:00,ieee123,RTU_ieee123,SCADA_MASTER,DNP3,REPORT,RTU_TO_SCADA,488,CURRENT_line_Line_l_47_49_A,8.661,A,GOOD,DELIVERED,0,0,,,,,DISCOVERED,ATTACK,reconnaissance,T0846
reconnaissance_ieee123-atk489,reconnaissance_ieee123,2010-07-01T00:00:00,ieee123,RTU_ieee123,SCADA_MASTER,DNP3,REPORT,RTU_TO_SCADA,489,CURRENT_line_Line_l_47_49_B,11.854,A,GOOD,DELIVERED,0,0,,,,,DISCOVERED,ATTACK,reconnaissance,T0846
reconnaissance_ieee123-atk049,reconnaissance_ieee123,2010-07-01T00:00:00,ieee123,RTU_ieee123,SCADA_MASTER,DNP3,REPORT,RTU_TO_SCADA,49,BUS_23_VPU_BC,0.9563497777829075,pu,GOOD,DELIVERED,0,0,,,,,DISCOVERED,ATTACK,reconnaissance,T0846
reconnaissance_ieee123-atk490,reconnaissance_ieee123,2010-07-01T00:00:00,ieee123,RTU_ieee123,SCADA_MASTER,DNP3,REPORT,RTU_TO_SCADA,490,CURRENT_line_Line_l_47_49_C,16.473,A,GOOD,DELIVERED,0,0,,,,,DISCOVERED,ATTACK,reconnaissance,T0846
reconnaissance_ieee123-atk491,reconnaissance_ieee123,2010-07-01T00:00:00,ieee123,RTU_ieee123,SCADA_MASTER,DNP3,REPORT,RTU_TO_SCADA,491,CURRENT_line_Line_l_49_50_A,3.207,A,GOOD,DELIVERED,0,0,,,,,DISCOVERED,ATTACK,reconnaissance,T0846
reconnaissance_ieee123-atk492,reconnaissance_ieee123,2010-07-01T00:00:00,ieee123,RTU_ieee123,SCADA_MASTER,DNP3,REPORT,RTU_TO_SCADA,492,CURRENT_line_Line_l_49_50_B,0.003,A,GOOD,DELIVERED,0,0,,,,,DISCOVERED,ATTACK,reconnaissance,T0846
reconnaissance_ieee123-atk493,reconnaissance_ieee123,2010-07-01T00:00:00,ieee123,RTU_ieee123,SCADA_MASTER,DNP3,REPORT,RTU_TO_SCADA,493,CURRENT_line_Line_l_49_50_C,10.798,A,GOOD,DELIVERED,0,0,,,,,DISCOVERED,ATTACK,reconnaissance,T0846
reconnaissance_ieee123-atk494,reconnaissance_ieee123,2010-07-01T00:00:00,ieee123,RTU_ieee123,SCADA_MASTER,DNP3,REPORT,RTU_TO_SCADA,494,CURRENT_line_Line_l_50_51_A,3.207,A,GOOD,DELIVERED,0,0,,,,,DISCOVERED,ATTACK,reconnaissance,T0846
reconnaissance_ieee123-atk495,reconnaissance_ieee123,2010-07-01T00:00:00,ieee123,RTU_ieee123,SCADA_MASTER,DNP3,REPORT,RTU_TO_SCADA,495,CURRENT_line_Line_l_50_51_B,0.002,A,GOOD,DELIVERED,0,0,,,,,DISCOVERED,ATTACK,reconnaissance,T0846
reconnaissance_ieee123-atk496,reconnaissance_ieee123,2010-07-01T00:00:00,ieee123,RTU_ieee123,SCADA_MASTER,DNP3,REPORT,RTU_TO_SCADA,496,CURRENT_line_Line_l_50_51_C,0.002,A,GOOD,DELIVERED,0,0,,,,,DISCOVERED,ATTACK,reconnaissance,T0846
reconnaissance_ieee123-atk497,reconnaissance_ieee123,2010-07-01T00:00:00,ieee123,RTU_ieee123,SCADA_MASTER,DNP3,REPORT,RTU_TO_SCADA,497,CURRENT_line_Line_l_51_151_A,0.001,A,GOOD,DELIVERED,0,0,,,,,DISCOVERED,ATTACK,reconnaissance,T0846
reconnaissance_ieee123-atk498,reconnaissance_ieee123,2010-07-01T00:00:00,ieee123,RTU_ieee123,SCADA_MASTER,DNP3,REPORT,RTU_TO_SCADA,498,CURRENT_line_Line_l_51_151_B,0.001,A,GOOD,DELIVERED,0,0,,,,,DISCOVERED,ATTACK,reconnaissance,T0846
reconnaissance_ieee123-atk499,reconnaissance_ieee123,2010-07-01T00:00:00,ieee123,RTU_ieee123,SCADA_MASTER,DNP3,REPORT,RTU_TO_SCADA,499,CURRENT_line_Line_l_51_151_C,0.001,A,GOOD,DELIVERED,0,0,,,,,DISCOVERED,ATTACK,reconnaissance,T0846
reconnaissance_ieee123-atk005,reconnaissance_ieee123,2010-07-01T00:00:00,ieee123,RTU_ieee123,SCADA_MASTER,DNP3,REPORT,RTU_TO_SCADA,5,BUS_100_VPU_CA,0.9030747486588165,pu,GOOD,DELIVERED,0,0,,,,,DISCOVERED,ATTACK,reconnaissance,T0846
reconnaissance_ieee123-atk050,reconnaissance_ieee123,2010-07-01T00:00:00,ieee123,RTU_ieee123,SCADA_MASTER,DNP3,REPORT,RTU_TO_SCADA,50,BUS_23_VPU_CA,0.9286984631671314,pu,GOOD,DELIVERED,0,0,,,,,DISCOVERED,ATTACK,reconnaissance,T0846
reconnaissance_ieee123-atk500,reconnaissance_ieee123,2010-07-01T00:00:00,ieee123,RTU_ieee123,SCADA_MASTER,DNP3,REPORT,RTU_TO_SCADA,500,CURRENT_line_Line_l_52_53_A,482.115,A,GOOD,DELIVERED,0,0,,,,,DISCOVERED,ATTACK,reconnaissance,T0846
reconnaissance_ieee123-atk501,reconnaissance_ieee123,2010-07-01T00:00:00,ieee123,RTU_ieee123,SCADA_MASTER,DNP3,REPORT,RTU_TO_SCADA,501,CURRENT_line_Line_l_52_53_B,416.5,A,GOOD,DELIVERED,0,0,,,,,DISCOVERED,ATTACK,reconnaissance,T0846
reconnaissance_ieee123-atk502,reconnaissance_ieee123,2010-07-01T00:00:00,ieee123,RTU_ieee123,SCADA_MASTER,DNP3,REPORT,RTU_TO_SCADA,502,CURRENT_line_Line_l_52_53_C,294.502,A,GOOD,DELIVERED,0,0,,,,,DISCOVERED,ATTACK,reconnaissance,T0846
reconnaissance_ieee123-atk503,reconnaissance_ieee123,2010-07-01T00:00:00,ieee123,RTU_ieee123,SCADA_MASTER,DNP3,REPORT,RTU_TO_SCADA,503,CURRENT_line_Line_l_53_54_A,456.289,A,GOOD,DELIVERED,0,0,,,,,DISCOVERED,ATTACK,reconnaissance,T0846
reconnaissance_ieee123-atk504,reconnaissance_ieee123,2010-07-01T00:00:00,ieee123,RTU_ieee123,SCADA_MASTER,DNP3,REPORT,RTU_TO_SCADA,504,CURRENT_line_Line_l_53_54_B,416.5,A,GOOD,DELIVERED,0,0,,,,,DISCOVERED,ATTACK,reconnaissance,T0846
reconnaissance_ieee123-atk505,reconnaissance_ieee123,2010-07-01T00:00:00,ieee123,RTU_ieee123,SCADA_MASTER,DNP3,REPORT,RTU_TO_SCADA,505,CURRENT_line_Line_l_53_54_C,294.502,A,GOOD,DELIVERED,0,0,,,,,DISCOVERED,ATTACK,reconnaissance,T0846
reconnaissance_ieee123-atk506,reconnaissance_ieee123,2010-07-01T00:00:00,ieee123,RTU_ieee123,SCADA_MASTER,DNP3,REPORT,RTU_TO_SCADA,506,CURRENT_line_Line_l_54_55_A,1.182,A,GOOD,DELIVERED,0,0,,,,,DISCOVERED,ATTACK,reconnaissance,T0846
reconnaissance_ieee123-atk507,reconnaissance_ieee123,2010-07-01T00:00:00,ieee123,RTU_ieee123,SCADA_MASTER,DNP3,REPORT,RTU_TO_SCADA,507,CURRENT_line_Line_l_54_55_B,84.54,A,GOOD,DELIVERED,0,0,,,,,DISCOVERED,ATTACK,reconnaissance,T0846
reconnaissance_ieee123-atk508,reconnaissance_ieee123,2010-07-01T00:00:00,ieee123,RTU_ieee123,SCADA_MASTER,DNP3,REPORT,RTU_TO_SCADA,508,CURRENT_line_Line_l_54_55_C,0.002,A,GOOD,DELIVERED,0,0,,,,,DISCOVERED,ATTACK,reconnaissance,T0846
reconnaissance_ieee123-atk509,reconnaissance_ieee123,2010-07-01T00:00:00,ieee123,RTU_ieee123,SCADA_MASTER,DNP3,REPORT,RTU_TO_SCADA,509,CURRENT_line_Line_l_54_57_A,455.116,A,GOOD,DELIVERED,0,0,,,,,DISCOVERED,ATTACK,reconnaissance,T0846
reconnaissance_ieee123-atk051,reconnaissance_ieee123,2010-07-01T00:00:00,ieee123,RTU_ieee123,SCADA_MASTER,DNP3,REPORT,RTU_TO_SCADA,51,BUS_250_VPU_AB,0.9011402786938723,pu,GOOD,DELIVERED,0,0,,,,,DISCOVERED,ATTACK,reconnaissance,T0846
reconnaissance_ieee123-atk510,reconnaissance_ieee123,2010-07-01T00:00:00,ieee123,RTU_ieee123,SCADA_MASTER,DNP3,REPORT,RTU_TO_SCADA,510,CURRENT_line_Line_l_54_57_B,333.771,A,GOOD,DELIVERED,0,0,,,,,DISCOVERED,ATTACK,reconnaissance,T0846
reconnaissance_ieee123-atk511,reconnaissance_ieee123,2010-07-01T00:00:00,ieee123,RTU_ieee123,SCADA_MASTER,DNP3,REPORT,RTU_TO_SCADA,511,CURRENT_line_Line_l_54_57_C,294.502,A,GOOD,DELIVERED,0,0,,,,,DISCOVERED,ATTACK,reconnaissance,T0846
reconnaissance_ieee123-atk512,reconnaissance_ieee123,2010-07-01T00:00:00,ieee123,RTU_ieee123,SCADA_MASTER,DNP3,REPORT,RTU_TO_SCADA,512,CURRENT_line_Line_l_55_56_A,0.001,A,GOOD,DELIVERED,0,0,,,,,DISCOVERED,ATTACK,reconnaissance,T0846
reconnaissance_ieee123-atk513,reconnaissance_ieee123,2010-07-01T00:00:00,ieee123,RTU_ieee123,SCADA_MASTER,DNP3,REPORT,RTU_TO_SCADA,513,CURRENT_line_Line_l_55_56_B,84.54,A,GOOD,DELIVERED,0,0,,,,,DISCOVERED,ATTACK,reconnaissance,T0846
reconnaissance_ieee123-atk514,reconnaissance_ieee123,2010-07-01T00:00:00,ieee123,RTU_ieee123,SCADA_MASTER,DNP3,REPORT,RTU_TO_SCADA,514,CURRENT_line_Line_l_55_56_C,0.001,A,GOOD,DELIVERED,0,0,,,,,DISCOVERED,ATTACK,reconnaissance,T0846
reconnaissance_ieee123-atk515,reconnaissance_ieee123,2010-07-01T00:00:00,ieee123,RTU_ieee123,SCADA_MASTER,DNP3,REPORT,RTU_TO_SCADA,515,CURRENT_line_Line_l_57_58_B,37.734,A,GOOD,DELIVERED,0,0,,,,,DISCOVERED,ATTACK,reconnaissance,T0846
reconnaissance_ieee123-atk516,reconnaissance_ieee123,2010-07-01T00:00:00,ieee123,RTU_ieee123,SCADA_MASTER,DNP3,REPORT,RTU_TO_SCADA,516,CURRENT_line_Line_l_57_60_A,455.116,A,GOOD,DELIVERED,0,0,,,,,DISCOVERED,ATTACK,reconnaissance,T0846
reconnaissance_ieee123-atk517,reconnaissance_ieee123,2010-07-01T00:00:00,ieee123,RTU_ieee123,SCADA_MASTER,DNP3,REPORT,RTU_TO_SCADA,517,CURRENT_line_Line_l_57_60_B,297.007,A,GOOD,DELIVERED,0,0,,,,,DISCOVERED,ATTACK,reconnaissance,T0846
reconnaissance_ieee123-atk518,reconnaissance_ieee123,2010-07-01T00:00:00,ieee123,RTU_ieee123,SCADA_MASTER,DNP3,REPORT,RTU_TO_SCADA,518,CURRENT_line_Line_l_57_60_C,294.503,A,GOOD,DELIVERED,0,0,,,,,DISCOVERED,ATTACK,reconnaissance,T0846
reconnaissance_ieee123-atk519,reconnaissance_ieee123,2010-07-01T00:00:00,ieee123,RTU_ieee123,SCADA_MASTER,DNP3,REPORT,RTU_TO_SCADA,519,CURRENT_line_Line_l_58_59_B,9.632,A,GOOD,DELIVERED,0,0,,,,,DISCOVERED,ATTACK,reconnaissance,T0846
reconnaissance_ieee123-atk052,reconnaissance_ieee123,2010-07-01T00:00:00,ieee123,RTU_ieee123,SCADA_MASTER,DNP3,REPORT,RTU_TO_SCADA,52,BUS_250_VPU_BC,0.9559866519510534,pu,GOOD,DELIVERED,0,0,,,,,DISCOVERED,ATTACK,reconnaissance,T0846
reconnaissance_ieee123-atk520,reconnaissance_ieee123,2010-07-01T00:00:00,ieee123,RTU_ieee123,SCADA_MASTER,DNP3,REPORT,RTU_TO_SCADA,520,CURRENT_line_Line_l_5_6_C,24.705,A,GOOD,DELIVERED,0,0,,,,,DISCOVERED,ATTACK,reconnaissance,T0846
reconnaissance_ieee123-atk521,reconnaissance_ieee123,2010-07-01T00:00:00,ieee123,RTU_ieee123,SCADA_MASTER,DNP3,REPORT,RTU_TO_SCADA,521,CURRENT_line_Line_l_60_61_A,0.001,A,GOOD,DELIVERED,0,0,,,,,DISCOVERED,ATTACK,reconnaissance,T0846
reconnaissance_ieee123-atk522,reconnaissance_ieee123,2010-07-01T00:00:00,ieee123,RTU_ieee123,SCADA_MASTER,DNP3,REPORT,RTU_TO_SCADA,522,CURRENT_line_Line_l_60_61_B,0.002,A,GOOD,DELIVERED,0,0,,,,,DISCOVERED,ATTACK,reconnaissance,T0846
reconnaissance_ieee123-atk523,reconnaissance_ieee123,2010-07-01T00:00:00,ieee123,RTU_ieee123,SCADA_MASTER,DNP3,REPORT,RTU_TO_SCADA,523,CURRENT_line_Line_l_60_61_C,0.002,A,GOOD,DELIVERED,0,0,,,,,DISCOVERED,ATTACK,reconnaissance,T0846
reconnaissance_ieee123-atk524,reconnaissance_ieee123,2010-07-01T00:00:00,ieee123,RTU_ieee123,SCADA_MASTER,DNP3,REPORT,RTU_TO_SCADA,524,CURRENT_line_Line_l_60_62_A,122.778,A,GOOD,DELIVERED,0,0,,,,,DISCOVERED,ATTACK,reconnaissance,T0846
reconnaissance_ieee123-atk525,reconnaissance_ieee123,2010-07-01T00:00:00,ieee123,RTU_ieee123,SCADA_MASTER,DNP3,REPORT,RTU_TO_SCADA,525,CURRENT_line_Line_l_60_62_B,22.541,A,GOOD,DELIVERED,0,0,,,,,DISCOVERED,ATTACK,reconnaissance,T0846
reconnaissance_ieee123-atk526,reconnaissance_ieee123,2010-07-01T00:00:00,ieee123,RTU_ieee123,SCADA_MASTER,DNP3,REPORT,RTU_TO_SCADA,526,CURRENT_line_Line_l_60_62_C,24.278,A,GOOD,DELIVERED,0,0,,,,,DISCOVERED,ATTACK,reconnaissance,T0846
reconnaissance_ieee123-atk527,reconnaissance_ieee123,2010-07-01T00:00:00,ieee123,RTU_ieee123,SCADA_MASTER,DNP3,REPORT,RTU_TO_SCADA,527,CURRENT_line_Line_l_62_63_A,122.779,A,GOOD,DELIVERED,0,0,,,,,DISCOVERED,ATTACK,reconnaissance,T0846
reconnaissance_ieee123-atk528,reconnaissance_ieee123,2010-07-01T00:00:00,ieee123,RTU_ieee123,SCADA_MASTER,DNP3,REPORT,RTU_TO_SCADA,528,CURRENT_line_Line_l_62_63_B,22.542,A,GOOD,DELIVERED,0,0,,,,,DISCOVERED,ATTACK,reconnaissance,T0846
reconnaissance_ieee123-atk529,reconnaissance_ieee123,2010-07-01T00:00:00,ieee123,RTU_ieee123,SCADA_MASTER,DNP3,REPORT,RTU_TO_SCADA,529,CURRENT_line_Line_l_62_63_C,19.449,A,GOOD,DELIVERED,0,0,,,,,DISCOVERED,ATTACK,reconnaissance,T0846
reconnaissance_ieee123-atk053,reconnaissance_ieee123,2010-07-01T00:00:00,ieee123,RTU_ieee123,SCADA_MASTER,DNP3,REPORT,RTU_TO_SCADA,53,BUS_250_VPU_CA,0.9275722605296282,pu,GOOD,DELIVERED,0,0,,,,,DISCOVERED,ATTACK,reconnaissance,T0846
reconnaissance_ieee123-atk530,reconnaissance_ieee123,2010-07-01T00:00:00,ieee123,RTU_ieee123,SCADA_MASTER,DNP3,REPORT,RTU_TO_SCADA,530,CURRENT_line_Line_l_63_64_A,12.784,A,GOOD,DELIVERED,0,0,,,,,DISCOVERED,ATTACK,reconnaissance,T0846
reconnaissance_ieee123-atk531,reconnaissance_ieee123,2010-07-01T00:00:00,ieee123,RTU_ieee123,SCADA_MASTER,DNP3,REPORT,RTU_TO_SCADA,531,CURRENT_line_Line_l_63_64_B,22.542,A,GOOD,DELIVERED,0,0,,,,,DISCOVERED,ATTACK,reconnaissance,T0846
reconnaissance_ieee123-atk532,reconnaissance_ieee123,2010-07-01T00:00:00,ieee123,RTU_ieee123,SCADA_MASTER,DNP3,REPORT,RTU_TO_SCADA,532,CURRENT_line_Line_l_63_64_C,19.449,A,GOOD,DELIVERED,0,0,,,,,DISCOVERED,ATTACK,reconnaissance,T0846
reconnaissance_ieee123-atk533,reconnaissance_ieee123,2010-07-01T00:00:00,ieee123,RTU_ieee123,SCADA_MASTER,DNP3,REPORT,RTU_TO_SCADA,533,CURRENT_line_Line_l_64_65_A,12.785,A,GOOD,DELIVERED,0,0,,,,,DISCOVERED,ATTACK,reconnaissance,T0846
reconnaissance_ieee123-atk534,reconnaissance_ieee123,2010-07-01T00:00:00,ieee123,RTU_ieee123,SCADA_MASTER,DNP3,REPORT,RTU_TO_SCADA,534,CURRENT_line_Line_l_64_65_B,8.567,A,GOOD,DELIVERED,0,0,,,,,DISCOVERED,ATTACK,reconnaissance,T0846
reconnaissance_ieee123-atk535,reconnaissance_ieee123,2010-07-01T00:00:00,ieee123,RTU_ieee123,SCADA_MASTER,DNP3,REPORT,RTU_TO_SCADA,535,CURRENT_line_Line_l_64_65_C,19.45,A,GOOD,DELIVERED,0,0,,,,,DISCOVERED,ATTACK,reconnaissance,T0846
reconnaissance_ieee123-atk536,reconnaissance_ieee123,2010-07-01T00:00:00,ieee123,RTU_ieee123,SCADA_MASTER,DNP3,REPORT,RTU_TO_SCADA,536,CURRENT_line_Line_l_65_66_A,0.001,A,GOOD,DELIVERED,0,0,,,,,DISCOVERED,ATTACK,reconnaissance,T0846
reconnaissance_ieee123-atk537,reconnaissance_ieee123,2010-07-01T00:00:00,ieee123,RTU_ieee123,SCADA_MASTER,DNP3,REPORT,RTU_TO_SCADA,537,CURRENT_line_Line_l_65_66_B,0.001,A,GOOD,DELIVERED,0,0,,,,,DISCOVERED,ATTACK,reconnaissance,T0846
reconnaissance_ieee123-atk538,reconnaissance_ieee123,2010-07-01T00:00:00,ieee123,RTU_ieee123,SCADA_MASTER,DNP3,REPORT,RTU_TO_SCADA,538,CURRENT_line_Line_l_65_66_C,5.979,A,GOOD,DELIVERED,0,0,,,,,DISCOVERED,ATTACK,reconnaissance,T0846
reconnaissance_ieee123-atk539,reconnaissance_ieee123,2010-07-01T00:00:00,ieee123,RTU_ieee123,SCADA_MASTER,DNP3,REPORT,RTU_TO_SCADA,539,CURRENT_line_Line_l_67_68_A,125.404,A,GOOD,DELIVERED,0,0,,,,,DISCOVERED,ATTACK,reconnaissance,T0846
reconnaissance_ieee123-atk054,reconnaissance_ieee123,2010-07-01T00:00:00,ieee123,RTU_ieee123,SCADA_MASTER,DNP3,REPORT,RTU_TO_SCADA,54,BUS_25_VPU_AB,0.9016063557782169,pu,GOOD,DELIVERED,0,0,,,,,DISCOVERED,ATTACK,reconnaissance,T0846
reconnaissance_ieee123-atk540,reconnaissance_ieee123,2010-07-01T00:00:00,ieee123,RTU_ieee123,SCADA_MASTER,DNP3,REPORT,RTU_TO_SCADA,540,CURRENT_line_Line_l_67_72_A,83.805,A,GOOD,DELIVERED,0,0,,,,,DISCOVERED,ATTACK,reconnaissance,T0846
reconnaissance_ieee123-atk541,reconnaissance_ieee123,2010-07-01T00:00:00,ieee123,RTU_ieee123,SCADA_MASTER,DNP3,REPORT,RTU_TO_SCADA,541,CURRENT_line_Line_l_67_72_B,173.083,A,GOOD,DELIVERED,0,0,,,,,DISCOVERED,ATTACK,reconnaissance,T0846
reconnaissance_ieee123-atk542,reconnaissance_ieee123,2010-07-01T00:00:00,ieee123,RTU_ieee123,SCADA_MASTER,DNP3,REPORT,RTU_TO_SCADA,542,CURRENT_line_Line_l_67_72_C,154.462,A,GOOD,DELIVERED,0,0,,,,,DISCOVERED,ATTACK,reconnaissance,T0846
reconnaissance_ieee123-atk543,reconnaissance_ieee123,2010-07-01T00:00:00,ieee123,RTU_ieee123,SCADA_MASTER,DNP3,REPORT,RTU_TO_SCADA,543,CURRENT_line_Line_l_67_97_A,167.211,A,GOOD,DELIVERED,0,0,,,,,DISCOVERED,ATTACK,reconnaissance,T0846
reconnaissance_ieee123-atk544,reconnaissance_ieee123,2010-07-01T00:00:00,ieee123,RTU_ieee123,SCADA_MASTER,DNP3,REPORT,RTU_TO_SCADA,544,CURRENT_line_Line_l_67_97_B,111.097,A,GOOD,DELIVERED,0,0,,,,,DISCOVERED,ATTACK,reconnaissance,T0846
reconnaissance_ieee123-atk545,reconnaissance_ieee123,2010-07-01T00:00:00,ieee123,RTU_ieee123,SCADA_MASTER,DNP3,REPORT,RTU_TO_SCADA,545,CURRENT_line_Line_l_67_97_C,128.518,A,GOOD,DELIVERED,0,0,,,,,DISCOVERED,ATTACK,reconnaissance,T0846
reconnaissance_ieee123-atk546,reconnaissance_ieee123,2010-07-01T00:00:00,ieee123,RTU_ieee123,SCADA_MASTER,DNP3,REPORT,RTU_TO_SCADA,546,CURRENT_line_Line_l_68_69_A,68.286,A,GOOD,DELIVERED,0,0,,,,,DISCOVERED,ATTACK,reconnaissance,T0846
reconnaissance_ieee123-atk547,reconnaissance_ieee123,2010-07-01T00:00:00,ieee123,RTU_ieee123,SCADA_MASTER,DNP3,REPORT,RTU_TO_SCADA,547,CURRENT_line_Line_l_69_70_A,65.276,A,GOOD,DELIVERED,0,0,,,,,DISCOVERED,ATTACK,reconnaissance,T0846
reconnaissance_ieee123-atk548,reconnaissance_ieee123,2010-07-01T00:00:00,ieee123,RTU_ieee123,SCADA_MASTER,DNP3,REPORT,RTU_TO_SCADA,548,CURRENT_line_Line_l_70_71_A,63.338,A,GOOD,DELIVERED,0,0,,,,,DISCOVERED,ATTACK,reconnaissance,T0846
reconnaissance_ieee123-atk549,reconnaissance_ieee123,2010-07-01T00:00:00,ieee123,RTU_ieee123,SCADA_MASTER,DNP3,REPORT,RTU_TO_SCADA,549,CURRENT_line_Line_l_72_73_C,44.333,A,GOOD,DELIVERED,0,0,,,,,DISCOVERED,ATTACK,reconnaissance,T0846
reconnaissance_ieee123-atk055,reconnaissance_ieee123,2010-07-01T00:00:00,ieee123,RTU_ieee123,SCADA_MASTER,DNP3,REPORT,RTU_TO_SCADA,55,BUS_25_VPU_BC,0.9560853021502075,pu,GOOD,DELIVERED,0,0,,,,,DISCOVERED,ATTACK,reconnaissance,T0846
reconnaissance_ieee123-atk550,reconnaissance_ieee123,2010-07-01T00:00:00,ieee123,RTU_ieee123,SCADA_MASTER,DNP3,REPORT,RTU_TO_SCADA,550,CURRENT_line_Line_l_72_76_A,83.805,A,GOOD,DELIVERED,0,0,,,,,DISCOVERED,ATTACK,reconnaissance,T0846
reconnaissance_ieee123-atk551,reconnaissance_ieee123,2010-07-01T00:00:00,ieee123,RTU_ieee123,SCADA_MASTER,DNP3,REPORT,RTU_TO_SCADA,551,CURRENT_line_Line_l_72_76_B,173.083,A,GOOD,DELIVERED,0,0,,,,,DISCOVERED,ATTACK,reconnaissance,T0846
reconnaissance_ieee123-atk552,reconnaissance_ieee123,2010-07-01T00:00:00,ieee123,RTU_ieee123,SCADA_MASTER,DNP3,REPORT,RTU_TO_SCADA,552,CURRENT_line_Line_l_72_76_C,119.686,A,GOOD,DELIVERED,0,0,,,,,DISCOVERED,ATTACK,reconnaissance,T0846
reconnaissance_ieee123-atk553,reconnaissance_ieee123,2010-07-01T00:00:00,ieee123,RTU_ieee123,SCADA_MASTER,DNP3,REPORT,RTU_TO_SCADA,553,CURRENT_line_Line_l_73_74_C,27.721,A,GOOD,DELIVERED,0,0,,,,,DISCOVERED,ATTACK,reconnaissance,T0846
reconnaissance_ieee123-atk554,reconnaissance_ieee123,2010-07-01T00:00:00,ieee123,RTU_ieee123,SCADA_MASTER,DNP3,REPORT,RTU_TO_SCADA,554,CURRENT_line_Line_l_74_75_C,4.509,A,GOOD,DELIVERED,0,0,,,,,DISCOVERED,ATTACK,reconnaissance,T0846
reconnaissance_ieee123-atk555,reconnaissance_ieee123,2010-07-01T00:00:00,ieee123,RTU_ieee123,SCADA_MASTER,DNP3,REPORT,RTU_TO_SCADA,555,CURRENT_line_Line_l_76_77_A,62.212,A,GOOD,DELIVERED,0,0,,,,,DISCOVERED,ATTACK,reconnaissance,T0846
reconnaissance_ieee123-atk556,reconnaissance_ieee123,2010-07-01T00:00:00,ieee123,RTU_ieee123,SCADA_MASTER,DNP3,REPORT,RTU_TO_SCADA,556,CURRENT_line_Line_l_76_77_B,79.325,A,GOOD,DELIVERED,0,0,,,,,DISCOVERED,ATTACK,reconnaissance,T0846
reconnaissance_ieee123-atk557,reconnaissance_ieee123,2010-07-01T00:00:00,ieee123,RTU_ieee123,SCADA_MASTER,DNP3,REPORT,RTU_TO_SCADA,557,CURRENT_line_Line_l_76_77_C,100.688,A,GOOD,DELIVERED,0,0,,,,,DISCOVERED,ATTACK,reconnaissance,T0846
reconnaissance_ieee123-atk558,reconnaissance_ieee123,2010-07-01T00:00:00,ieee123,RTU_ieee123,SCADA_MASTER,DNP3,REPORT,RTU_TO_SCADA,558,CURRENT_line_Line_l_76_86_A,31.499,A,GOOD,DELIVERED,0,0,,,,,DISCOVERED,ATTACK,reconnaissance,T0846
reconnaissance_ieee123-atk559,reconnaissance_ieee123,2010-07-01T00:00:00,ieee123,RTU_ieee123,SCADA_MASTER,DNP3,REPORT,RTU_TO_SCADA,559,CURRENT_line_Line_l_76_86_B,104.841,A,GOOD,DELIVERED,0,0,,,,,DISCOVERED,ATTACK,reconnaissance,T0846
reconnaissance_ieee123-atk056,reconnaissance_ieee123,2010-07-01T00:00:00,ieee123,RTU_ieee123,SCADA_MASTER,DNP3,REPORT,RTU_TO_SCADA,56,BUS_25_VPU_CA,0.9279061758964238,pu,GOOD,DELIVERED,0,0,,,,,DISCOVERED,ATTACK,reconnaissance,T0846
reconnaissance_ieee123-atk560,reconnaissance_ieee123,2010-07-01T00:00:00,ieee123,RTU_ieee123,SCADA_MASTER,DNP3,REPORT,RTU_TO_SCADA,560,CURRENT_line_Line_l_76_86_C,17.714,A,GOOD,DELIVERED,0,0,,,,,DISCOVERED,ATTACK,reconnaissance,T0846
reconnaissance_ieee123-atk561,reconnaissance_ieee123,2010-07-01T00:00:00,ieee123,RTU_ieee123,SCADA_MASTER,DNP3,REPORT,RTU_TO_SCADA,561,CURRENT_line_Line_l_77_78_A,62.211,A,GOOD,DELIVERED,0,0,,,,,DISCOVERED,ATTACK,reconnaissance,T0846
reconnaissance_ieee123-atk562,reconnaissance_ieee123,2010-07-01T00:00:00,ieee123,RTU_ieee123,SCADA_MASTER,DNP3,REPORT,RTU_TO_SCADA,562,CURRENT_line_Line_l_77_78_B,78.191,A,GOOD,DELIVERED,0,0,,,,,DISCOVERED,ATTACK,reconnaissance,T0846
reconnaissance_ieee123-atk563,reconnaissance_ieee123,2010-07-01T00:00:00,ieee123,RTU_ieee123,SCADA_MASTER,DNP3,REPORT,RTU_TO_SCADA,563,CURRENT_line_Line_l_77_78_C,100.687,A,GOOD,DELIVERED,0,0,,,,,DISCOVERED,ATTACK,reconnaissance,T0846
reconnaissance_ieee123-atk564,reconnaissance_ieee123,2010-07-01T00:00:00,ieee123,RTU_ieee123,SCADA_MASTER,DNP3,REPORT,RTU_TO_SCADA,564,CURRENT_line_Line_l_78_79_A,7.28,A,GOOD,DELIVERED,0,0,,,,,DISCOVERED,ATTACK,reconnaissance,T0846
reconnaissance_ieee123-atk565,reconnaissance_ieee123,2010-07-01T00:00:00,ieee123,RTU_ieee123,SCADA_MASTER,DNP3,REPORT,RTU_TO_SCADA,565,CURRENT_line_Line_l_78_79_B,0.001,A,GOOD,DELIVERED,0,0,,,,,DISCOVERED,ATTACK,reconnaissance,T0846
reconnaissance_ieee123-atk566,reconnaissance_ieee123,2010-07-01T00:00:00,ieee123,RTU_ieee123,SCADA_MASTER,DNP3,REPORT,RTU_TO_SCADA,566,CURRENT_line_Line_l_78_79_C,0.001,A,GOOD,DELIVERED,0,0,,,,,DISCOVERED,ATTACK,reconnaissance,T0846
reconnaissance_ieee123-atk567,reconnaissance_ieee123,2010-07-01T00:00:00,ieee123,RTU_ieee123,SCADA_MASTER,DNP3,REPORT,RTU_TO_SCADA,567,CURRENT_line_Line_l_78_80_A,63.447,A,GOOD,DELIVERED,0,0,,,,,DISCOVERED,ATTACK,reconnaissance,T0846
reconnaissance_ieee123-atk568,reconnaissance_ieee123,2010-07-01T00:00:00,ieee123,RTU_ieee123,SCADA_MASTER,DNP3,REPORT,RTU_TO_SCADA,568,CURRENT_line_Line_l_78_80_B,78.19,A,GOOD,DELIVERED,0,0,,,,,DISCOVERED,ATTACK,reconnaissance,T0846
reconnaissance_ieee123-atk569,reconnaissance_ieee123,2010-07-01T00:00:00,ieee123,RTU_ieee123,SCADA_MASTER,DNP3,REPORT,RTU_TO_SCADA,569,CURRENT_line_Line_l_78_80_C,100.687,A,GOOD,DELIVERED,0,0,,,,,DISCOVERED,ATTACK,reconnaissance,T0846
reconnaissance_ieee123-atk057,reconnaissance_ieee123,2010-07-01T00:00:00,ieee123,RTU_ieee123,SCADA_MASTER,DNP3,REPORT,RTU_TO_SCADA,57,BUS_26_VPU_AB,0.9272121308185328,pu,GOOD,DELIVERED,0,0,,,,,DISCOVERED,ATTACK,reconnaissance,T0846
reconnaissance_ieee123-atk570,reconnaissance_ieee123,2010-07-01T00:00:00,ieee123,RTU_ieee123,SCADA_MASTER,DNP3,REPORT,RTU_TO_SCADA,570,CURRENT_line_Line_l_7_8_A,918.507,A,GOOD,DELIVERED,0,0,,,,,DISCOVERED,ATTACK,reconnaissance,T0846
reconnaissance_ieee123-atk571,reconnaissance_ieee123,2010-07-01T00:00:00,ieee123,RTU_ieee123,SCADA_MASTER,DNP3,REPORT,RTU_TO_SCADA,571,CURRENT_line_Line_l_7_8_B,470.561,A,GOOD,DELIVERED,0,0,,,,,DISCOVERED,ATTACK,reconnaissance,T0846
reconnaissance_ieee123-atk572,reconnaissance_ieee123,2010-07-01T00:00:00,ieee123,RTU_ieee123,SCADA_MASTER,DNP3,REPORT,RTU_TO_SCADA,572,CURRENT_line_Line_l_7_8_C,414.897,A,GOOD,DELIVERED,0,0,,,,,DISCOVERED,ATTACK,reconnaissance,T0846
reconnaissance_ieee123-atk573,reconnaissance_ieee123,2010-07-01T00:00:00,ieee123,RTU_ieee123,SCADA_MASTER,DNP3,REPORT,RTU_TO_SCADA,573,CURRENT_line_Line_l_80_81_A,63.445,A,GOOD,DELIVERED,0,0,,,,,DISCOVERED,ATTACK,reconnaissance,T0846
reconnaissance_ieee123-atk574,reconnaissance_ieee123,2010-07-01T00:00:00,ieee123,RTU_ieee123,SCADA_MASTER,DNP3,REPORT,RTU_TO_SCADA,574,CURRENT_line_Line_l_80_81_B,79.464,A,GOOD,DELIVERED,0,0,,,,,DISCOVERED,ATTACK,reconnaissance,T0846
reconnaissance_ieee123-atk575,reconnaissance_ieee123,2010-07-01T00:00:00,ieee123,RTU_ieee123,SCADA_MASTER,DNP3,REPORT,RTU_TO_SCADA,575,CURRENT_line_Line_l_80_81_C,100.687,A,GOOD,DELIVERED,0,0,,,,,DISCOVERED,ATTACK,reconnaissance,T0846
reconnaissance_ieee123-atk576,reconnaissance_ieee123,2010-07-01T00:00:00,ieee123,RTU_ieee123,SCADA_MASTER,DNP3,REPORT,RTU_TO_SCADA,576,CURRENT_line_Line_l_81_82_A,63.444,A,GOOD,DELIVERED,0,0,,,,,DISCOVERED,ATTACK,reconnaissance,T0846
reconnaissance_ieee123-atk577,reconnaissance_ieee123,2010-07-01T00:00:00,ieee123,RTU_ieee123,SCADA_MASTER,DNP3,REPORT,RTU_TO_SCADA,577,CURRENT_line_Line_l_81_82_B,79.463,A,GOOD,DELIVERED,0,0,,,,,DISCOVERED,ATTACK,reconnaissance,T0846
reconnaissance_ieee123-atk578,reconnaissance_ieee123,2010-07-01T00:00:00,ieee123,RTU_ieee123,SCADA_MASTER,DNP3,REPORT,RTU_TO_SCADA,578,CURRENT_line_Line_l_81_82_C,75.832,A,GOOD,DELIVERED,0,0,,,,,DISCOVERED,ATTACK,reconnaissance,T0846
reconnaissance_ieee123-atk579,reconnaissance_ieee123,2010-07-01T00:00:00,ieee123,RTU_ieee123,SCADA_MASTER,DNP3,REPORT,RTU_TO_SCADA,579,CURRENT_line_Line_l_81_84_C,101.772,A,GOOD,DELIVERED,0,0,,,,,DISCOVERED,ATTACK,reconnaissance,T0846
reconnaissance_ieee123-atk058,reconnaissance_ieee123,2010-07-01T00:00:00,ieee123,RTU_ieee123,SCADA_MASTER,DNP3,REPORT,RTU_TO_SCADA,58,BUS_27_VPU_AB,0.9271877489293175,pu,GOOD,DELIVERED,0,0,,,,,DISCOVERED,ATTACK,reconnaissance,T0846
reconnaissance_ieee123-atk580,reconnaissance_ieee123,2010-07-01T00:00:00,ieee123,RTU_ieee123,SCADA_MASTER,DNP3,REPORT,RTU_TO_SCADA,580,CURRENT_line_Line_l_82_83_A,69.053,A,GOOD,DELIVERED,0,0,,,,,DISCOVERED,ATTACK,reconnaissance,T0846
reconnaissance_ieee123-atk581,reconnaissance_ieee123,2010-07-01T00:00:00,ieee123,RTU_ieee123,SCADA_MASTER,DNP3,REPORT,RTU_TO_SCADA,581,CURRENT_line_Line_l_82_83_B,79.462,A,GOOD,DELIVERED,0,0,,,,,DISCOVERED,ATTACK,reconnaissance,T0846
reconnaissance_ieee123-atk582,reconnaissance_ieee123,2010-07-01T00:00:00,ieee123,RTU_ieee123,SCADA_MASTER,DNP3,REPORT,RTU_TO_SCADA,582,CURRENT_line_Line_l_82_83_C,75.832,A,GOOD,DELIVERED,0,0,,,,,DISCOVERED,ATTACK,reconnaissance,T0846
reconnaissance_ieee123-atk583,reconnaissance_ieee123,2010-07-01T00:00:00,ieee123,RTU_ieee123,SCADA_MASTER,DNP3,REPORT,RTU_TO_SCADA,583,CURRENT_line_Line_l_84_85_C,93.233,A,GOOD,DELIVERED,0,0,,,,,DISCOVERED,ATTACK,reconnaissance,T0846
reconnaissance_ieee123-atk584,reconnaissance_ieee123,2010-07-01T00:00:00,ieee123,RTU_ieee123,SCADA_MASTER,DNP3,REPORT,RTU_TO_SCADA,584,CURRENT_line_Line_l_86_87_A,31.499,A,GOOD,DELIVERED,0,0,,,,,DISCOVERED,ATTACK,reconnaissance,T0846
reconnaissance_ieee123-atk585,reconnaissance_ieee123,2010-07-01T00:00:00,ieee123,RTU_ieee123,SCADA_MASTER,DNP3,REPORT,RTU_TO_SCADA,585,CURRENT_line_Line_l_86_87_B,101.424,A,GOOD,DELIVERED,0,0,,,,,DISCOVERED,ATTACK,reconnaissance,T0846
reconnaissance_ieee123-atk586,reconnaissance_ieee123,2010-07-01T00:00:00,ieee123,RTU_ieee123,SCADA_MASTER,DNP3,REPORT,RTU_TO_SCADA,586,CURRENT_line_Line_l_86_87_C,17.713,A,GOOD,DELIVERED,0,0,,,,,DISCOVERED,ATTACK,reconnaissance,T0846
reconnaissance_ieee123-atk587,reconnaissance_ieee123,2010-07-01T00:00:00,ieee123,RTU_ieee123,SCADA_MASTER,DNP3,REPORT,RTU_TO_SCADA,587,CURRENT_line_Line_l_87_88_A,15.433,A,GOOD,DELIVERED,0,0,,,,,DISCOVERED,ATTACK,reconnaissance,T0846
reconnaissance_ieee123-atk588,reconnaissance_ieee123,2010-07-01T00:00:00,ieee123,RTU_ieee123,SCADA_MASTER,DNP3,REPORT,RTU_TO_SCADA,588,CURRENT_line_Line_l_87_89_A,30.126,A,GOOD,DELIVERED,0,0,,,,,DISCOVERED,ATTACK,reconnaissance,T0846
reconnaissance_ieee123-atk589,reconnaissance_ieee123,2010-07-01T00:00:00,ieee123,RTU_ieee123,SCADA_MASTER,DNP3,REPORT,RTU_TO_SCADA,589,CURRENT_line_Line_l_87_89_B,92.582,A,GOOD,DELIVERED,0,0,,,,,DISCOVERED,ATTACK,reconnaissance,T0846
reconnaissance_ieee123-atk059,reconnaissance_ieee123,2010-07-01T00:00:00,ieee123,RTU_ieee123,SCADA_MASTER,DNP3,REPORT,RTU_TO_SCADA,59,BUS_28_VPU_AB,0.9011480082087417,pu,GOOD,DELIVERED,0,0,,,,,DISCOVERED,ATTACK,reconnaissance,T0846
reconnaissance_ieee123-atk590,reconnaissance_ieee123,2010-07-01T00:00:00,ieee123,RTU_ieee123,SCADA_MASTER,DNP3,REPORT,RTU_TO_SCADA,590,CURRENT_line_Line_l_87_89_C,17.711,A,GOOD,DELIVERED,0,0,,,,,DISCOVERED,ATTACK,reconnaissance,T0846
reconnaissance_ieee123-atk591,reconnaissance_ieee123,2010-07-01T00:00:00,ieee123,RTU_ieee123,SCADA_MASTER,DNP3,REPORT,RTU_TO_SCADA,591,CURRENT_line_Line_l_89_90_B,76.988,A,GOOD,DELIVERED,0,0,,,,,DISCOVERED,ATTACK,reconnaissance,T0846
reconnaissance_ieee123-atk592,reconnaissance_ieee123,2010-07-01T00:00:00,ieee123,RTU_ieee123,SCADA_MASTER,DNP3,REPORT,RTU_TO_SCADA,592,CURRENT_line_Line_l_89_91_A,30.127,A,GOOD,DELIVERED,0,0,,,,,DISCOVERED,ATTACK,reconnaissance,T0846
reconnaissance_ieee123-atk593,reconnaissance_ieee123,2010-07-01T00:00:00,ieee123,RTU_ieee123,SCADA_MASTER,DNP3,REPORT,RTU_TO_SCADA,593,CURRENT_line_Line_l_89_91_B,15.939,A,GOOD,DELIVERED,0,0,,,,,DISCOVERED,ATTACK,reconnaissance,T0846
reconnaissance_ieee123-atk594,reconnaissance_ieee123,2010-07-01T00:00:00,ieee123,RTU_ieee123,SCADA_MASTER,DNP3,REPORT,RTU_TO_SCADA,594,CURRENT_line_Line_l_89_91_C,17.711,A,GOOD,DELIVERED,0,0,,,,,DISCOVERED,ATTACK,reconnaissance,T0846
reconnaissance_ieee123-atk595,reconnaissance_ieee123,2010-07-01T00:00:00,ieee123,RTU_ieee123,SCADA_MASTER,DNP3,REPORT,RTU_TO_SCADA,595,CURRENT_line_Line_l_8_12_B,26.541,A,GOOD,DELIVERED,0,0,,,,,DISCOVERED,ATTACK,reconnaissance,T0846
reconnaissance_ieee123-atk596,reconnaissance_ieee123,2010-07-01T00:00:00,ieee123,RTU_ieee123,SCADA_MASTER,DNP3,REPORT,RTU_TO_SCADA,596,CURRENT_line_Line_l_8_13_A,716.661,A,GOOD,DELIVERED,0,0,,,,,DISCOVERED,ATTACK,reconnaissance,T0846
reconnaissance_ieee123-atk597,reconnaissance_ieee123,2010-07-01T00:00:00,ieee123,RTU_ieee123,SCADA_MASTER,DNP3,REPORT,RTU_TO_SCADA,597,CURRENT_line_Line_l_8_13_B,444.266,A,GOOD,DELIVERED,0,0,,,,,DISCOVERED,ATTACK,reconnaissance,T0846
reconnaissance_ieee123-atk598,reconnaissance_ieee123,2010-07-01T00:00:00,ieee123,RTU_ieee123,SCADA_MASTER,DNP3,REPORT,RTU_TO_SCADA,598,CURRENT_line_Line_l_8_13_C,414.897,A,GOOD,DELIVERED,0,0,,,,,DISCOVERED,ATTACK,reconnaissance,T0846
reconnaissance_ieee123-atk599,reconnaissance_ieee123,2010-07-01T00:00:00,ieee123,RTU_ieee123,SCADA_MASTER,DNP3,REPORT,RTU_TO_SCADA,599,CURRENT_line_Line_l_8_9_A,202.108,A,GOOD,DELIVERED,0,0,,,,,DISCOVERED,ATTACK,reconnaissance,T0846
reconnaissance_ieee123-atk006,reconnaissance_ieee123,2010-07-01T00:00:00,ieee123,RTU_ieee123,SCADA_MASTER,DNP3,REPORT,RTU_TO_SCADA,6,BUS_101_VPU_AB,0.8661537837163193,pu,GOOD,DELIVERED,0,0,,,,,DISCOVERED,ATTACK,reconnaissance,T0846
reconnaissance_ieee123-atk060,reconnaissance_ieee123,2010-07-01T00:00:00,ieee123,RTU_ieee123,SCADA_MASTER,DNP3,REPORT,RTU_TO_SCADA,60,BUS_28_VPU_BC,0.9560279230242685,pu,GOOD,DELIVERED,0,0,,,,,DISCOVERED,ATTACK,reconnaissance,T0846
reconnaissance_ieee123-atk600,reconnaissance_ieee123,2010-07-01T00:00:00,ieee123,RTU_ieee123,SCADA_MASTER,DNP3,REPORT,RTU_TO_SCADA,600,CURRENT_line_Line_l_91_92_C,17.709,A,GOOD,DELIVERED,0,0,,,,,DISCOVERED,ATTACK,reconnaissance,T0846
reconnaissance_ieee123-atk601,reconnaissance_ieee123,2010-07-01T00:00:00,ieee123,RTU_ieee123,SCADA_MASTER,DNP3,REPORT,RTU_TO_SCADA,601,CURRENT_line_Line_l_91_93_A,30.127,A,GOOD,DELIVERED,0,0,,,,,DISCOVERED,ATTACK,reconnaissance,T0846
reconnaissance_ieee123-atk602,reconnaissance_ieee123,2010-07-01T00:00:00,ieee123,RTU_ieee123,SCADA_MASTER,DNP3,REPORT,RTU_TO_SCADA,602,CURRENT_line_Line_l_91_93_B,15.939,A,GOOD,DELIVERED,0,0,,,,,DISCOVERED,ATTACK,reconnaissance,T0846
reconnaissance_ieee123-atk603,reconnaissance_ieee123,2010-07-01T00:00:00,ieee123,RTU_ieee123,SCADA_MASTER,DNP3,REPORT,RTU_TO_SCADA,603,CURRENT_line_Line_l_91_93_C,0.002,A,GOOD,DELIVERED,0,0,,,,,DISCOVERED,ATTACK,reconnaissance,T0846
reconnaissance_ieee123-atk604,reconnaissance_ieee123,2010-07-01T00:00:00,ieee123,RTU_ieee123,SCADA_MASTER,DNP3,REPORT,RTU_TO_SCADA,604,CURRENT_line_Line_l_93_94_A,30.127,A,GOOD,DELIVERED,0,0,,,,,DISCOVERED,ATTACK,reconnaissance,T0846
reconnaissance_ieee123-atk605,reconnaissance_ieee123,2010-07-01T00:00:00,ieee123,RTU_ieee123,SCADA_MASTER,DNP3,REPORT,RTU_TO_SCADA,605,CURRENT_line_Line_l_93_95_A,0.001,A,GOOD,DELIVERED,0,0,,,,,DISCOVERED,ATTACK,reconnaissance,T0846
reconnaissance_ieee123-atk606,reconnaissance_ieee123,2010-07-01T00:00:00,ieee123,RTU_ieee123,SCADA_MASTER,DNP3,REPORT,RTU_TO_SCADA,606,CURRENT_line_Line_l_93_95_B,15.939,A,GOOD,DELIVERED,0,0,,,,,DISCOVERED,ATTACK,reconnaissance,T0846
reconnaissance_ieee123-atk607,reconnaissance_ieee123,2010-07-01T00:00:00,ieee123,RTU_ieee123,SCADA_MASTER,DNP3,REPORT,RTU_TO_SCADA,607,CURRENT_line_Line_l_93_95_C,0.001,A,GOOD,DELIVERED,0,0,,,,,DISCOVERED,ATTACK,reconnaissance,T0846
reconnaissance_ieee123-atk608,reconnaissance_ieee123,2010-07-01T00:00:00,ieee123,RTU_ieee123,SCADA_MASTER,DNP3,REPORT,RTU_TO_SCADA,608,CURRENT_line_Line_l_95_96_B,8.72,A,GOOD,DELIVERED,0,0,,,,,DISCOVERED,ATTACK,reconnaissance,T0846
reconnaissance_ieee123-atk609,reconnaissance_ieee123,2010-07-01T00:00:00,ieee123,RTU_ieee123,SCADA_MASTER,DNP3,REPORT,RTU_TO_SCADA,609,CURRENT_line_Line_l_97_98_A,21.28,A,GOOD,DELIVERED,0,0,,,,,DISCOVERED,ATTACK,reconnaissance,T0846
reconnaissance_ieee123-atk061,reconnaissance_ieee123,2010-07-01T00:00:00,ieee123,RTU_ieee123,SCADA_MASTER,DNP3,REPORT,RTU_TO_SCADA,61,BUS_28_VPU_CA,0.9276824951238686,pu,GOOD,DELIVERED,0,0,,,,,DISCOVERED,ATTACK,reconnaissance,T0846
reconnaissance_ieee123-atk610,reconnaissance_ieee123,2010-07-01T00:00:00,ieee123,RTU_ieee123,SCADA_MASTER,DNP3,REPORT,RTU_TO_SCADA,610,CURRENT_line_Line_l_97_98_B,3.24,A,GOOD,DELIVERED,0,0,,,,,DISCOVERED,ATTACK,reconnaissance,T0846
reconnaissance_ieee123-atk611,reconnaissance_ieee123,2010-07-01T00:00:00,ieee123,RTU_ieee123,SCADA_MASTER,DNP3,REPORT,RTU_TO_SCADA,611,CURRENT_line_Line_l_97_98_C,109.141,A,GOOD,DELIVERED,0,0,,,,,DISCOVERED,ATTACK,reconnaissance,T0846
reconnaissance_ieee123-atk612,reconnaissance_ieee123,2010-07-01T00:00:00,ieee123,RTU_ieee123,SCADA_MASTER,DNP3,REPORT,RTU_TO_SCADA,612,CURRENT_line_Line_l_98_99_A,0.004,A,GOOD,DELIVERED,0,0,,,,,DISCOVERED,ATTACK,reconnaissance,T0846
reconnaissance_ieee123-atk613,reconnaissance_ieee123,2010-07-01T00:00:00,ieee123,RTU_ieee123,SCADA_MASTER,DNP3,REPORT,RTU_TO_SCADA,613,CURRENT_line_Line_l_98_99_B,3.24,A,GOOD,DELIVERED,0,0,,,,,DISCOVERED,ATTACK,reconnaissance,T0846
reconnaissance_ieee123-atk614,reconnaissance_ieee123,2010-07-01T00:00:00,ieee123,RTU_ieee123,SCADA_MASTER,DNP3,REPORT,RTU_TO_SCADA,614,CURRENT_line_Line_l_98_99_C,109.142,A,GOOD,DELIVERED,0,0,,,,,DISCOVERED,ATTACK,reconnaissance,T0846
reconnaissance_ieee123-atk615,reconnaissance_ieee123,2010-07-01T00:00:00,ieee123,RTU_ieee123,SCADA_MASTER,DNP3,REPORT,RTU_TO_SCADA,615,CURRENT_line_Line_l_99_100_A,0.003,A,GOOD,DELIVERED,0,0,,,,,DISCOVERED,ATTACK,reconnaissance,T0846
reconnaissance_ieee123-atk616,reconnaissance_ieee123,2010-07-01T00:00:00,ieee123,RTU_ieee123,SCADA_MASTER,DNP3,REPORT,RTU_TO_SCADA,616,CURRENT_line_Line_l_99_100_B,0.003,A,GOOD,DELIVERED,0,0,,,,,DISCOVERED,ATTACK,reconnaissance,T0846
reconnaissance_ieee123-atk617,reconnaissance_ieee123,2010-07-01T00:00:00,ieee123,RTU_ieee123,SCADA_MASTER,DNP3,REPORT,RTU_TO_SCADA,617,CURRENT_line_Line_l_99_100_C,109.142,A,GOOD,DELIVERED,0,0,,,,,DISCOVERED,ATTACK,reconnaissance,T0846
reconnaissance_ieee123-atk618,reconnaissance_ieee123,2010-07-01T00:00:00,ieee123,RTU_ieee123,SCADA_MASTER,DNP3,REPORT,RTU_TO_SCADA,618,CURRENT_line_Line_l_9_14_A,117.048,A,GOOD,DELIVERED,0,0,,,,,DISCOVERED,ATTACK,reconnaissance,T0846
reconnaissance_ieee123-atk619,reconnaissance_ieee123,2010-07-01T00:00:00,ieee123,RTU_ieee123,SCADA_MASTER,DNP3,REPORT,RTU_TO_SCADA,619,CURRENT_source_Vsource_source_A,24.688,A,GOOD,DELIVERED,0,0,,,,,DISCOVERED,ATTACK,reconnaissance,T0846
reconnaissance_ieee123-atk062,reconnaissance_ieee123,2010-07-01T00:00:00,ieee123,RTU_ieee123,SCADA_MASTER,DNP3,REPORT,RTU_TO_SCADA,62,BUS_29_VPU_AB,0.9011314854453776,pu,GOOD,DELIVERED,0,0,,,,,DISCOVERED,ATTACK,reconnaissance,T0846
reconnaissance_ieee123-atk620,reconnaissance_ieee123,2010-07-01T00:00:00,ieee123,RTU_ieee123,SCADA_MASTER,DNP3,REPORT,RTU_TO_SCADA,620,CURRENT_source_Vsource_source_B,17.569,A,GOOD,DELIVERED,0,0,,,,,DISCOVERED,ATTACK,reconnaissance,T0846
reconnaissance_ieee123-atk621,reconnaissance_ieee123,2010-07-01T00:00:00,ieee123,RTU_ieee123,SCADA_MASTER,DNP3,REPORT,RTU_TO_SCADA,621,CURRENT_source_Vsource_source_C,27.432,A,GOOD,DELIVERED,0,0,,,,,DISCOVERED,ATTACK,reconnaissance,T0846
reconnaissance_ieee123-atk622,reconnaissance_ieee123,2010-07-01T00:00:00,ieee123,RTU_ieee123,SCADA_MASTER,DNP3,REPORT,RTU_TO_SCADA,622,CURRENT_switch_Line_sw_13_152_A,592.775,A,GOOD,DELIVERED,0,0,,,,,DISCOVERED,ATTACK,reconnaissance,T0846
reconnaissance_ieee123-atk623,reconnaissance_ieee123,2010-07-01T00:00:00,ieee123,RTU_ieee123,SCADA_MASTER,DNP3,REPORT,RTU_TO_SCADA,623,CURRENT_switch_Line_sw_13_152_B,416.499,A,GOOD,DELIVERED,0,0,,,,,DISCOVERED,ATTACK,reconnaissance,T0846
reconnaissance_ieee123-atk624,reconnaissance_ieee123,2010-07-01T00:00:00,ieee123,RTU_ieee123,SCADA_MASTER,DNP3,REPORT,RTU_TO_SCADA,624,CURRENT_switch_Line_sw_13_152_C,294.502,A,GOOD,DELIVERED,0,0,,,,,DISCOVERED,ATTACK,reconnaissance,T0846
reconnaissance_ieee123-atk625,reconnaissance_ieee123,2010-07-01T00:00:00,ieee123,RTU_ieee123,SCADA_MASTER,DNP3,REPORT,RTU_TO_SCADA,625,CURRENT_switch_Line_sw_150_149_A,924.142,A,GOOD,DELIVERED,0,0,,,,,DISCOVERED,ATTACK,reconnaissance,T0846
reconnaissance_ieee123-atk626,reconnaissance_ieee123,2010-07-01T00:00:00,ieee123,RTU_ieee123,SCADA_MASTER,DNP3,REPORT,RTU_TO_SCADA,626,CURRENT_switch_Line_sw_150_149_B,472.422,A,GOOD,DELIVERED,0,0,,,,,DISCOVERED,ATTACK,reconnaissance,T0846
reconnaissance_ieee123-atk627,reconnaissance_ieee123,2010-07-01T00:00:00,ieee123,RTU_ieee123,SCADA_MASTER,DNP3,REPORT,RTU_TO_SCADA,627,CURRENT_switch_Line_sw_150_149_C,509.118,A,GOOD,DELIVERED,0,0,,,,,DISCOVERED,ATTACK,reconnaissance,T0846
reconnaissance_ieee123-atk628,reconnaissance_ieee123,2010-07-01T00:00:00,ieee123,RTU_ieee123,SCADA_MASTER,DNP3,REPORT,RTU_TO_SCADA,628,CURRENT_switch_Line_sw_18_135_A,31.145,A,GOOD,DELIVERED,0,0,,,,,DISCOVERED,ATTACK,reconnaissance,T0846
reconnaissance_ieee123-atk629,reconnaissance_ieee123,2010-07-01T00:00:00,ieee123,RTU_ieee123,SCADA_MASTER,DNP3,REPORT,RTU_TO_SCADA,629,CURRENT_switch_Line_sw_18_135_B,21.783,A,GOOD,DELIVERED,0,0,,,,,DISCOVERED,ATTACK,reconnaissance,T0846
reconnaissance_ieee123-atk063,reconnaissance_ieee123,2010-07-01T00:00:00,ieee123,RTU_ieee123,SCADA_MASTER,DNP3,REPORT,RTU_TO_SCADA,63,BUS_29_VPU_BC,0.9560076097911211,pu,GOOD,DELIVERED,0,0,,,,,DISCOVERED,ATTACK,reconnaissance,T0846
reconnaissance_ieee123-atk630,reconnaissance_ieee123,2010-07-01T00:00:00,ieee123,RTU_ieee123,SCADA_MASTER,DNP3,REPORT,RTU_TO_SCADA,630,CURRENT_switch_Line_sw_18_135_C,23.787,A,GOOD,DELIVERED,0,0,,,,,DISCOVERED,ATTACK,reconnaissance,T0846
reconnaissance_ieee123-atk631,reconnaissance_ieee123,2010-07-01T00:00:00,ieee123,RTU_ieee123,SCADA_MASTER,DNP3,REPORT,RTU_TO_SCADA,631,CURRENT_switch_Line_sw_60_160_A,334.224,A,GOOD,DELIVERED,0,0,,,,,DISCOVERED,ATTACK,reconnaissance,T0846
reconnaissance_ieee123-atk632,reconnaissance_ieee123,2010-07-01T00:00:00,ieee123,RTU_ieee123,SCADA_MASTER,DNP3,REPORT,RTU_TO_SCADA,632,CURRENT_switch_Line_sw_60_160_B,275.443,A,GOOD,DELIVERED,0,0,,,,,DISCOVERED,ATTACK,reconnaissance,T0846
reconnaissance_ieee123-atk633,reconnaissance_ieee123,2010-07-01T00:00:00,ieee123,RTU_ieee123,SCADA_MASTER,DNP3,REPORT,RTU_TO_SCADA,633,CURRENT_switch_Line_sw_60_160_C,271.389,A,GOOD,DELIVERED,0,0,,,,,DISCOVERED,ATTACK,reconnaissance,T0846
reconnaissance_ieee123-atk634,reconnaissance_ieee123,2010-07-01T00:00:00,ieee123,RTU_ieee123,SCADA_MASTER,DNP3,REPORT,RTU_TO_SCADA,634,CURRENT_switch_Line_sw_97_197_A,145.933,A,GOOD,DELIVERED,0,0,,,,,DISCOVERED,ATTACK,reconnaissance,T0846
reconnaissance_ieee123-atk635,reconnaissance_ieee123,2010-07-01T00:00:00,ieee123,RTU_ieee123,SCADA_MASTER,DNP3,REPORT,RTU_TO_SCADA,635,CURRENT_switch_Line_sw_97_197_B,107.858,A,GOOD,DELIVERED,0,0,,,,,DISCOVERED,ATTACK,reconnaissance,T0846
reconnaissance_ieee123-atk636,reconnaissance_ieee123,2010-07-01T00:00:00,ieee123,RTU_ieee123,SCADA_MASTER,DNP3,REPORT,RTU_TO_SCADA,636,CURRENT_switch_Line_sw_97_197_C,19.378,A,GOOD,DELIVERED,0,0,,,,,DISCOVERED,ATTACK,reconnaissance,T0846
reconnaissance_ieee123-atk637,reconnaissance_ieee123,2010-07-01T00:00:00,ieee123,RTU_ieee123,SCADA_MASTER,DNP3,REPORT,RTU_TO_SCADA,637,FEEDER_CONVERGED,1.0,,GOOD,DELIVERED,0,0,,,,,DISCOVERED,ATTACK,reconnaissance,T0846
reconnaissance_ieee123-atk638,reconnaissance_ieee123,2010-07-01T00:00:00,ieee123,RTU_ieee123,SCADA_MASTER,DNP3,REPORT,RTU_TO_SCADA,638,FEEDER_SOURCE_P,4072.47,kW,GOOD,DELIVERED,0,0,,,,,DISCOVERED,ATTACK,reconnaissance,T0846
reconnaissance_ieee123-atk639,reconnaissance_ieee123,2010-07-01T00:00:00,ieee123,RTU_ieee123,SCADA_MASTER,DNP3,REPORT,RTU_TO_SCADA,639,FEEDER_SOURCE_Q,2053.08,kvar,GOOD,DELIVERED,0,0,,,,,DISCOVERED,ATTACK,reconnaissance,T0846
reconnaissance_ieee123-atk064,reconnaissance_ieee123,2010-07-01T00:00:00,ieee123,RTU_ieee123,SCADA_MASTER,DNP3,REPORT,RTU_TO_SCADA,64,BUS_29_VPU_CA,0.9276262304171742,pu,GOOD,DELIVERED,0,0,,,,,DISCOVERED,ATTACK,reconnaissance,T0846
reconnaissance_ieee123-atk640,reconnaissance_ieee123,2010-07-01T00:00:00,ieee123,RTU_ieee123,SCADA_MASTER,DNP3,REPORT,RTU_TO_SCADA,640,FEEDER_VPU_MAX,0.9748,pu,GOOD,DELIVERED,0,0,,,,,DISCOVERED,ATTACK,reconnaissance,T0846
reconnaissance_ieee123-atk641,reconnaissance_ieee123,2010-07-01T00:00:00,ieee123,RTU_ieee123,SCADA_MASTER,DNP3,REPORT,RTU_TO_SCADA,641,FEEDER_VPU_MIN,0.8628,pu,GOOD,DELIVERED,0,0,,,,,DISCOVERED,ATTACK,reconnaissance,T0846
reconnaissance_ieee123-atk065,reconnaissance_ieee123,2010-07-01T00:00:00,ieee123,RTU_ieee123,SCADA_MASTER,DNP3,REPORT,RTU_TO_SCADA,65,BUS_300_VPU_AB,0.8628113616319165,pu,GOOD,DELIVERED,0,0,,,,,DISCOVERED,ATTACK,reconnaissance,T0846
reconnaissance_ieee123-atk066,reconnaissance_ieee123,2010-07-01T00:00:00,ieee123,RTU_ieee123,SCADA_MASTER,DNP3,REPORT,RTU_TO_SCADA,66,BUS_300_VPU_BC,0.9325456073684844,pu,GOOD,DELIVERED,0,0,,,,,DISCOVERED,ATTACK,reconnaissance,T0846
reconnaissance_ieee123-atk067,reconnaissance_ieee123,2010-07-01T00:00:00,ieee123,RTU_ieee123,SCADA_MASTER,DNP3,REPORT,RTU_TO_SCADA,67,BUS_300_VPU_CA,0.9054468525476097,pu,GOOD,DELIVERED,0,0,,,,,DISCOVERED,ATTACK,reconnaissance,T0846
reconnaissance_ieee123-atk068,reconnaissance_ieee123,2010-07-01T00:00:00,ieee123,RTU_ieee123,SCADA_MASTER,DNP3,REPORT,RTU_TO_SCADA,68,BUS_30_VPU_AB,0.9011402759187661,pu,GOOD,DELIVERED,0,0,,,,,DISCOVERED,ATTACK,reconnaissance,T0846
reconnaissance_ieee123-atk069,reconnaissance_ieee123,2010-07-01T00:00:00,ieee123,RTU_ieee123,SCADA_MASTER,DNP3,REPORT,RTU_TO_SCADA,69,BUS_30_VPU_BC,0.9559866487739197,pu,GOOD,DELIVERED,0,0,,,,,DISCOVERED,ATTACK,reconnaissance,T0846
reconnaissance_ieee123-atk007,reconnaissance_ieee123,2010-07-01T00:00:00,ieee123,RTU_ieee123,SCADA_MASTER,DNP3,REPORT,RTU_TO_SCADA,7,BUS_101_VPU_BC,0.9335419081211107,pu,GOOD,DELIVERED,0,0,,,,,DISCOVERED,ATTACK,reconnaissance,T0846
reconnaissance_ieee123-atk070,reconnaissance_ieee123,2010-07-01T00:00:00,ieee123,RTU_ieee123,SCADA_MASTER,DNP3,REPORT,RTU_TO_SCADA,70,BUS_30_VPU_CA,0.9275722579928276,pu,GOOD,DELIVERED,0,0,,,,,DISCOVERED,ATTACK,reconnaissance,T0846
reconnaissance_ieee123-atk071,reconnaissance_ieee123,2010-07-01T00:00:00,ieee123,RTU_ieee123,SCADA_MASTER,DNP3,REPORT,RTU_TO_SCADA,71,BUS_35_VPU_AB,0.9029153629846564,pu,GOOD,DELIVERED,0,0,,,,,DISCOVERED,ATTACK,reconnaissance,T0846
reconnaissance_ieee123-atk072,reconnaissance_ieee123,2010-07-01T00:00:00,ieee123,RTU_ieee123,SCADA_MASTER,DNP3,REPORT,RTU_TO_SCADA,72,BUS_35_VPU_BC,0.9566639189750479,pu,GOOD,DELIVERED,0,0,,,,,DISCOVERED,ATTACK,reconnaissance,T0846
reconnaissance_ieee123-atk073,reconnaissance_ieee123,2010-07-01T00:00:00,ieee123,RTU_ieee123,SCADA_MASTER,DNP3,REPORT,RTU_TO_SCADA,73,BUS_35_VPU_CA,0.9299666099751243,pu,GOOD,DELIVERED,0,0,,,,,DISCOVERED,ATTACK,reconnaissance,T0846
reconnaissance_ieee123-atk074,reconnaissance_ieee123,2010-07-01T00:00:00,ieee123,RTU_ieee123,SCADA_MASTER,DNP3,REPORT,RTU_TO_SCADA,74,BUS_36_VPU_AB,0.9028313438126604,pu,GOOD,DELIVERED,0,0,,,,,DISCOVERED,ATTACK,reconnaissance,T0846
reconnaissance_ieee123-atk075,reconnaissance_ieee123,2010-07-01T00:00:00,ieee123,RTU_ieee123,SCADA_MASTER,DNP3,REPORT,RTU_TO_SCADA,75,BUS_40_VPU_AB,0.9026475741074652,pu,GOOD,DELIVERED,0,0,,,,,DISCOVERED,ATTACK,reconnaissance,T0846
reconnaissance_ieee123-atk076,reconnaissance_ieee123,2010-07-01T00:00:00,ieee123,RTU_ieee123,SCADA_MASTER,DNP3,REPORT,RTU_TO_SCADA,76,BUS_40_VPU_BC,0.9564838667188862,pu,GOOD,DELIVERED,0,0,,,,,DISCOVERED,ATTACK,reconnaissance,T0846
reconnaissance_ieee123-atk077,reconnaissance_ieee123,2010-07-01T00:00:00,ieee123,RTU_ieee123,SCADA_MASTER,DNP3,REPORT,RTU_TO_SCADA,77,BUS_40_VPU_CA,0.9296670491533917,pu,GOOD,DELIVERED,0,0,,,,,DISCOVERED,ATTACK,reconnaissance,T0846
reconnaissance_ieee123-atk078,reconnaissance_ieee123,2010-07-01T00:00:00,ieee123,RTU_ieee123,SCADA_MASTER,DNP3,REPORT,RTU_TO_SCADA,78,BUS_42_VPU_AB,0.9023825301777233,pu,GOOD,DELIVERED,0,0,,,,,DISCOVERED,ATTACK,reconnaissance,T0846
reconnaissance_ieee123-atk079,reconnaissance_ieee123,2010-07-01T00:00:00,ieee123,RTU_ieee123,SCADA_MASTER,DNP3,REPORT,RTU_TO_SCADA,79,BUS_42_VPU_BC,0.956324964624089,pu,GOOD,DELIVERED,0,0,,,,,DISCOVERED,ATTACK,reconnaissance,T0846
reconnaissance_ieee123-atk008,reconnaissance_ieee123,2010-07-01T00:00:00,ieee123,RTU_ieee123,SCADA_MASTER,DNP3,REPORT,RTU_TO_SCADA,8,BUS_101_VPU_CA,0.9064456336954233,pu,GOOD,DELIVERED,0,0,,,,,DISCOVERED,ATTACK,reconnaissance,T0846
reconnaissance_ieee123-atk080,reconnaissance_ieee123,2010-07-01T00:00:00,ieee123,RTU_ieee123,SCADA_MASTER,DNP3,REPORT,RTU_TO_SCADA,80,BUS_42_VPU_CA,0.9294281651181986,pu,GOOD,DELIVERED,0,0,,,,,DISCOVERED,ATTACK,reconnaissance,T0846
reconnaissance_ieee123-atk081,reconnaissance_ieee123,2010-07-01T00:00:00,ieee123,RTU_ieee123,SCADA_MASTER,DNP3,REPORT,RTU_TO_SCADA,81,BUS_44_VPU_AB,0.9022022604302214,pu,GOOD,DELIVERED,0,0,,,,,DISCOVERED,ATTACK,reconnaissance,T0846
reconnaissance_ieee123-atk082,reconnaissance_ieee123,2010-07-01T00:00:00,ieee123,RTU_ieee123,SCADA_MASTER,DNP3,REPORT,RTU_TO_SCADA,82,BUS_44_VPU_BC,0.9562301697169044,pu,GOOD,DELIVERED,0,0,,,,,DISCOVERED,ATTACK,reconnaissance,T0846
reconnaissance_ieee123-atk083,reconnaissance_ieee123,2010-07-01T00:00:00,ieee123,RTU_ieee123,SCADA_MASTER,DNP3,REPORT,RTU_TO_SCADA,83,BUS_44_VPU_CA,0.9292482156681965,pu,GOOD,DELIVERED,0,0,,,,,DISCOVERED,ATTACK,reconnaissance,T0846
reconnaissance_ieee123-atk084,reconnaissance_ieee123,2010-07-01T00:00:00,ieee123,RTU_ieee123,SCADA_MASTER,DNP3,REPORT,RTU_TO_SCADA,84,BUS_450_VPU_AB,0.8671157131093574,pu,GOOD,DELIVERED,0,0,,,,,DISCOVERED,ATTACK,reconnaissance,T0846
reconnaissance_ieee123-atk085,reconnaissance_ieee123,2010-07-01T00:00:00,ieee123,RTU_ieee123,SCADA_MASTER,DNP3,REPORT,RTU_TO_SCADA,85,BUS_450_VPU_BC,0.9328771448923651,pu,GOOD,DELIVERED,0,0,,,,,DISCOVERED,ATTACK,reconnaissance,T0846
reconnaissance_ieee123-atk086,reconnaissance_ieee123,2010-07-01T00:00:00,ieee123,RTU_ieee123,SCADA_MASTER,DNP3,REPORT,RTU_TO_SCADA,86,BUS_450_VPU_CA,0.9030747927032795,pu,GOOD,DELIVERED,0,0,,,,,DISCOVERED,ATTACK,reconnaissance,T0846
reconnaissance_ieee123-atk087,reconnaissance_ieee123,2010-07-01T00:00:00,ieee123,RTU_ieee123,SCADA_MASTER,DNP3,REPORT,RTU_TO_SCADA,87,BUS_47_VPU_AB,0.9020831982609976,pu,GOOD,DELIVERED,0,0,,,,,DISCOVERED,ATTACK,reconnaissance,T0846
reconnaissance_ieee123-atk088,reconnaissance_ieee123,2010-07-01T00:00:00,ieee123,RTU_ieee123,SCADA_MASTER,DNP3,REPORT,RTU_TO_SCADA,88,BUS_47_VPU_BC,0.9560954393889095,pu,GOOD,DELIVERED,0,0,,,,,DISCOVERED,ATTACK,reconnaissance,T0846
reconnaissance_ieee123-atk089,reconnaissance_ieee123,2010-07-01T00:00:00,ieee123,RTU_ieee123,SCADA_MASTER,DNP3,REPORT,RTU_TO_SCADA,89,BUS_47_VPU_CA,0.9290683168676015,pu,GOOD,DELIVERED,0,0,,,,,DISCOVERED,ATTACK,reconnaissance,T0846
reconnaissance_ieee123-atk009,reconnaissance_ieee123,2010-07-01T00:00:00,ieee123,RTU_ieee123,SCADA_MASTER,DNP3,REPORT,RTU_TO_SCADA,9,BUS_105_VPU_AB,0.8644203162199,pu,GOOD,DELIVERED,0,0,,,,,DISCOVERED,ATTACK,reconnaissance,T0846
reconnaissance_ieee123-atk090,reconnaissance_ieee123,2010-07-01T00:00:00,ieee123,RTU_ieee123,SCADA_MASTER,DNP3,REPORT,RTU_TO_SCADA,90,BUS_48_VPU_AB,0.9020831998177377,pu,GOOD,DELIVERED,0,0,,,,,DISCOVERED,ATTACK,reconnaissance,T0846
reconnaissance_ieee123-atk091,reconnaissance_ieee123,2010-07-01T00:00:00,ieee123,RTU_ieee123,SCADA_MASTER,DNP3,REPORT,RTU_TO_SCADA,91,BUS_48_VPU_BC,0.9560954408571458,pu,GOOD,DELIVERED,0,0,,,,,DISCOVERED,ATTACK,reconnaissance,T0846
reconnaissance_ieee123-atk092,reconnaissance_ieee123,2010-07-01T00:00:00,ieee123,RTU_ieee123,SCADA_MASTER,DNP3,REPORT,RTU_TO_SCADA,92,BUS_48_VPU_CA,0.9290683186035762,pu,GOOD,DELIVERED,0,0,,,,,DISCOVERED,ATTACK,reconnaissance,T0846
reconnaissance_ieee123-atk093,reconnaissance_ieee123,2010-07-01T00:00:00,ieee123,RTU_ieee123,SCADA_MASTER,DNP3,REPORT,RTU_TO_SCADA,93,BUS_49_VPU_AB,0.9019441585695104,pu,GOOD,DELIVERED,0,0,,,,,DISCOVERED,ATTACK,reconnaissance,T0846
reconnaissance_ieee123-atk094,reconnaissance_ieee123,2010-07-01T00:00:00,ieee123,RTU_ieee123,SCADA_MASTER,DNP3,REPORT,RTU_TO_SCADA,94,BUS_49_VPU_BC,0.9559635163258169,pu,GOOD,DELIVERED,0,0,,,,,DISCOVERED,ATTACK,reconnaissance,T0846
reconnaissance_ieee123-atk095,reconnaissance_ieee123,2010-07-01T00:00:00,ieee123,RTU_ieee123,SCADA_MASTER,DNP3,REPORT,RTU_TO_SCADA,95,BUS_49_VPU_CA,0.9289045936166559,pu,GOOD,DELIVERED,0,0,,,,,DISCOVERED,ATTACK,reconnaissance,T0846
reconnaissance_ieee123-atk096,reconnaissance_ieee123,2010-07-01T00:00:00,ieee123,RTU_ieee123,SCADA_MASTER,DNP3,REPORT,RTU_TO_SCADA,96,BUS_50_VPU_AB,0.9019055414807848,pu,GOOD,DELIVERED,0,0,,,,,DISCOVERED,ATTACK,reconnaissance,T0846
reconnaissance_ieee123-atk097,reconnaissance_ieee123,2010-07-01T00:00:00,ieee123,RTU_ieee123,SCADA_MASTER,DNP3,REPORT,RTU_TO_SCADA,97,BUS_50_VPU_BC,0.9559331058167627,pu,GOOD,DELIVERED,0,0,,,,,DISCOVERED,ATTACK,reconnaissance,T0846
reconnaissance_ieee123-atk098,reconnaissance_ieee123,2010-07-01T00:00:00,ieee123,RTU_ieee123,SCADA_MASTER,DNP3,REPORT,RTU_TO_SCADA,98,BUS_50_VPU_CA,0.9288039643390353,pu,GOOD,DELIVERED,0,0,,,,,DISCOVERED,ATTACK,reconnaissance,T0846
reconnaissance_ieee123-atk099,reconnaissance_ieee123,2010-07-01T00:00:00,ieee123,RTU_ieee123,SCADA_MASTER,DNP3,REPORT,RTU_TO_SCADA,99,BUS_51_VPU_AB,0.9018797151689499,pu,GOOD,DELIVERED,0,0,,,,,DISCOVERED,ATTACK,reconnaissance,T0846
